-- phpMyAdmin SQL Dump
-- version 5.1.0
-- https://www.phpmyadmin.net/
--
-- Servidor: 127.0.0.1
-- Tiempo de generación: 05-01-2023 a las 23:15:15
-- Versión del servidor: 10.4.18-MariaDB
-- Versión de PHP: 8.0.3

SET SQL_MODE = "NO_AUTO_VALUE_ON_ZERO";
START TRANSACTION;
SET time_zone = "+00:00";


/*!40101 SET @OLD_CHARACTER_SET_CLIENT=@@CHARACTER_SET_CLIENT */;
/*!40101 SET @OLD_CHARACTER_SET_RESULTS=@@CHARACTER_SET_RESULTS */;
/*!40101 SET @OLD_COLLATION_CONNECTION=@@COLLATION_CONNECTION */;
/*!40101 SET NAMES utf8mb4 */;

--
-- Base de datos: `proyecto_tpi`
--

-- --------------------------------------------------------

--
-- Estructura de tabla para la tabla `canton`
--

CREATE TABLE `canton` (
  `idCanton` int(11) NOT NULL,
  `nombre` varchar(255) DEFAULT NULL
) ENGINE=InnoDB DEFAULT CHARSET=utf8mb4;

--
-- Volcado de datos para la tabla `canton`
--

INSERT INTO `canton` (`idCanton`, `nombre`) VALUES
(1, 'EL ROSARIO'),
(2, 'SAN MARTIN'),
(3, 'SAN ANTONIO'),
(4, 'SAN JOSE'),
(5, 'EL CARMEN'),
(6, 'SAN ANDRES'),
(7, 'CONCEPCION'),
(8, 'SOLEDAD');

-- --------------------------------------------------------

--
-- Estructura de tabla para la tabla `consumo`
--

CREATE TABLE `consumo` (
  `lectura_anterior` decimal(10,2) DEFAULT NULL,
  `lectura_actual` decimal(10,2) DEFAULT NULL,
  `fecha_a_facturar` datetime DEFAULT NULL,
  `desde` datetime DEFAULT NULL,
  `hasta` datetime DEFAULT NULL,
  `monto` decimal(10,2) DEFAULT NULL,
  `estado` varchar(55) DEFAULT NULL,
  `vence` datetime DEFAULT NULL,
  `idMedidores` int(11) DEFAULT NULL,
  `mora` decimal(10,2) DEFAULT NULL
) ENGINE=InnoDB DEFAULT CHARSET=utf8mb4;

-- --------------------------------------------------------

--
-- Estructura de tabla para la tabla `medidores`
--

CREATE TABLE `medidores` (
  `idMedidores` int(11) NOT NULL,
  `ruta` varchar(255) DEFAULT NULL,
  `referencia` varchar(255) DEFAULT NULL,
  `idPersona` varchar(11) DEFAULT NULL,
  `idCanton` int(11) DEFAULT NULL
) ENGINE=InnoDB DEFAULT CHARSET=utf8mb4;

--
-- Volcado de datos para la tabla `medidores`
--

INSERT INTO `medidores` (`idMedidores`, `ruta`, `referencia`, `idPersona`, `idCanton`) VALUES
(1, 'CANTON SAN ANDRES, CASERIO EL GANCHO, MONTE SAN JUAN', 'CALLE PRINCIPAL', NULL, 6),
(2, 'CANTON SAN MARTIN, MONTE SAN JUAN', 'ARRIBA DE LA ERMITA LIMITE DE CTON.  CONCEPCION', NULL, 2),
(3, 'CANTON SAN MARTIN, MONTE SAN JUAN', 'ARRIBA DE LA ERMITA LIMITE DE CTON.  CONCEPCION', NULL, 2),
(4, 'CANTON SAN MARTIN, MONTE SAN JUAN', 'CASERIO LA ERMITA ARRIBA', NULL, 2),
(5, 'CANTON SAN MARTIN, MONTE SAN JUAN', 'CASERIO LA ERMITA', NULL, 2),
(6, 'CANTON SAN MARTIN, MONTE SAN JUAN', 'CASERIO LA ERMITA', NULL, 2),
(7, 'CANTON SAN MARTIN, MONTE SAN JUAN', 'CASERIO EL CALVARIO', NULL, 2),
(8, 'CANTON SAN MARTIN, MONTE SAN JUAN', 'CALLE A CASERIO IRIOMA', NULL, 2),
(9, 'CANTON SAN MARTIN, MONTE SAN JUAN', 'CASERIO EL TAMARINDO', NULL, 2),
(10, 'CANTON SAN MARTIN, MONTE SAN JUAN', 'CALLE A CASERIO IRIOMA', NULL, 2),
(11, 'CANTON SAN MARTIN, MONTE SAN JUAN', 'CALLE A CASERIO IRIOMA', NULL, 2),
(12, 'CANTON EL TABLON, TENANCINGO', 'CASERIO IRIOMA ABAJO', NULL, 2),
(13, 'CANTON SAN MARTIN, MONTE SAN JUAN', 'CALLE A CASERIO IRIOMA', NULL, 2),
(14, 'CANTON SAN MARTIN, MONTE SAN JUAN', 'CALLE A CASERIO IRIOMA', NULL, 2),
(15, 'CANTON SAN MARTIN, MONTE SAN JUAN', 'CALLE A CASERIO IRIOMA', NULL, 2),
(16, 'CANTON SAN MARTIN, MONTE SAN JUAN', 'CASERIO LA ERMITA', NULL, 2),
(17, 'CANTON SAN MARTIN, MONTE SAN JUAN', 'CASERIO EL CALVARIO, EL TABERNACULO', NULL, 2),
(18, 'CANTON SAN MARTIN, MONTE SAN JUAN', 'CASERIO LA ERMITA', NULL, 2),
(19, 'CANTON SAN MARTIN, MONTE SAN JUAN', 'CALLE A CASERIO IRIOMA', NULL, 2),
(20, 'CANTON SAN MARTIN, MONTE SAN JUAN', 'CASERIO EL CALVARIO', NULL, 2),
(21, 'CANTON CONCEPCION, MONTE SAN JUAN', 'CASERIO SECTOR I, DESVIO A CTON SN MARTIN', NULL, 7),
(22, 'CANTON CONCEPCION, MONTE SAN JUAN', 'CASERIO SECTOR I, DESVIO A CTON SN MARTIN', NULL, 7),
(23, 'CANTON CONCEPCION, MONTE SAN JUAN', 'CASERIO SECTOR I, LA CLINICA', NULL, 7),
(24, 'CANTON SAN JOSE, MONTE SAN JUAN', 'CALLE PPAL. AL PUENTE EL ROSARIO', NULL, 4),
(25, 'CANTON SAN ANDRES, CASERIO EL CAULOTE, MONTE SAN JUAN', 'CALLE PRINCIPAL', NULL, 6),
(26, 'CANTON SAN ANDRES, CALLE A CANTON EL CARMEN, MONTE SAN JUAN', 'EL PASITO', NULL, 6),
(27, 'CANTON SOLEDAD, CASERIO LOS CHAVEZ, MONTE SAN JUAN', 'LA CALLE VIEJA', NULL, 8),
(28, 'CANTON SOLEDAD, CASERIO LOS CHAVEZ, MONTE SAN JUAN', 'LA CALLE VIEJA', NULL, 8),
(29, 'CANTON SOLEDAD, CASERIO LAS HUERTAS, MONTE SAN JUAN', 'LAS HUERTAS', NULL, 8),
(30, 'CANTON SOLEDAD, CASERIO LAS HUERTAS, MONTE SAN JUAN', 'POR LA CANCHA', NULL, 8),
(31, 'CANTON SOLEDAD, CASERIO EL LIMONCILLO, MONTE SAN JUAN', 'ENTRADA CALLE AL CHILINDRON', NULL, 8),
(32, 'CANTON SOLEDAD, CASERIO EL LIMONCILLO, MONTE SAN JUAN', 'ENTRADA CALLE AL CHILINDRON', NULL, 8),
(33, 'CANTON SOLEDAD, CASERIO EL LIMONCILLO, MONTE SAN JUAN', 'POR LA CLINICA', NULL, 8),
(34, 'CANTON SOLEDAD, CASERIO LA ERMITA, MONTE SAN JUAN', 'POR LA CLINICA', NULL, 8),
(35, 'CANTON SOLEDAD, CASERIO LA ERMITA, MONTE SAN JUAN', 'POR LA ERMITA', NULL, 8),
(36, 'CANTON SOLEDAD, CASERIO LA COMUNAL, MONTE SAN JUAN', 'POR LA COLONIA', NULL, 8),
(37, 'CANTON SOLEDAD, CASERIO LA COMUNAL, MONTE SAN JUAN', 'POR LA COLONIA', NULL, 8),
(38, 'CANTON SOLEDAD, CASERIO EL CALVARIO, MONTE SAN JUAN', 'POR LA CANCHA', NULL, 8),
(39, 'CANTON SOLEDAD, CASERIO EL CALVARIO, MONTE SAN JUAN', 'POR EL CALVARIO', NULL, 8),
(40, 'CANTON SAN JOSE, MONTE SAN JUAN', 'CALLE PRINCIPAL', NULL, 4),
(41, 'CANTON SAN JOSE, MONTE SAN JOSE', 'CALLE PRINCIPAL', NULL, 4),
(42, 'CANTON SAN ANTONIO, CASERIO LA ESCUELA, MONTE SAN JUAN', 'ATRAS DE LA  IGLESIA CATOLICA', NULL, 3),
(43, 'CANTON SAN ANDRES, CASERIO EL CAULOTE, MONTE SAN JUAN', 'LOS MARROQUINES', NULL, 6),
(44, 'CANTON EL CARMEN, CASERIO LOS NARANJOS, MONTE SAN JUAN', 'LOS TALPETATES', NULL, 5),
(45, 'CANTON SAN MARTIN,  MONTE SAN JUAN', 'LA PEÃ‘ONA', NULL, 2),
(46, 'CANTON SAN MARTIN, MONTE SAN JUAN', 'LA PEÃ‘ONA', NULL, 2),
(47, 'CANTON EL CARMEN, CASERIO LOS NARANJOS, MONTE SAN JUAN', 'LOS TALPETATES', NULL, 5),
(48, 'CANTON EL CARMEN, CASERIO EL CHILINDRON, MONTE SAN JUAN', 'CALLE A CTON SAN ANDRES, LA CUESTONA', NULL, 5),
(49, 'CANTON EL CARMEN, CASERIO EL CHILINDRON, MONTE SAN JUAN', 'CALLE A CTON SOLEDAD', NULL, 5),
(50, 'CANTON SAN ANTONIO, MONTE SAN JUAN', 'EL ACEITUNO', NULL, 3),
(51, 'CANTON SAN ANTONIO, MONTE SAN JUAN', 'LA ERMITA', NULL, 3),
(52, 'CANTON SAN ANTONIO, CASERIO LA ESCUELA, MONTE SAN JUAN', 'POR LA ERMITA', NULL, 3),
(53, 'CANTON SAN ANTONIO, MONTE SAN JUAN', 'LA ERMITA', NULL, 3),
(54, 'CANTON SAN ANTONIO, MONTE SAN JUAN', 'LA ERMITA', NULL, 3),
(55, 'CANTON SAN MARTIN, MONTE SAN JUAN', 'CASERIO EL TAMARINDO', NULL, 2),
(56, 'CANTON SAN MARTIN, MONTE SAN JUAN', 'CASERIO EL CALVARIO', NULL, 2),
(57, 'CANTON SOLEDAD, CASERIO LA ERMITA, MONTE SAN JUAN', 'LA CEIBA', NULL, 8),
(58, 'CANTON SOLEDAD, CASERIO LA ESCUELA, MONTE SAN JUAN', 'CALLE PRINCIPAL', NULL, 8),
(59, 'CANTON SAN ANTONIO, MONTE SAN JUAN', 'LA ERMITA', NULL, 3),
(60, 'CANTON SOLEDAD, CASERIO EL LIMONCILLO, MONTE SAN JUAN', 'POR LA CLINICA', NULL, 8),
(61, 'CANTON SAN ANDRES, MONTE SAN JUAN', 'CASERIO MONTE LAS PILAS', NULL, 6),
(62, 'CANTON SAN ANTONIO, MONTE SAN JUAN', 'LA  ERMITA', NULL, 3),
(63, 'CANTON SOLEDAD, CASERIO LA ESCUELA, MONTE SAN JUAN', 'EL PITO', NULL, 8),
(64, 'CANTON CONCEPCION, MONTE SAN JUAN', 'CASERIO SECTOR II', NULL, 7),
(65, 'CANTON CONCEPCION, MONTE SAN JUAN', 'CASERIO SECTOR II', NULL, 7),
(66, 'CANTON SAN ANDRES, CASERIO EL CAULOTE, MONTE SAN JUAN', 'LOS MARROQUINES', NULL, 6),
(67, 'CANTON SAN ANDRES, MONTE SAN JUAN', 'EL CEMENTERIO', NULL, 6),
(68, 'CANTON SAN ANDRES, MONTE SAN JUAN', 'CASERIO EL CALVARIO', NULL, 6),
(69, 'CANTON SAN ANDRES, CALLE A CANTON EL CARMEN, MONTE SAN JUAN', 'EL GANCHO DE CALLE', NULL, 6),
(70, 'CANTON SAN ANTONIO, MONTE SAN JUAN', 'EL PASITO', NULL, 3),
(71, 'CANTON SAN ANDRES, MONTE SAN JUAN', 'EL CEMENTERIO', NULL, 6),
(72, 'CANTON CONCEPCION, MONTE SAN JUAN', 'CASERIO SECTOR II', NULL, 7),
(73, 'CANTON SAN ANDRES, MONTE SAN JUAN', 'EL CEMENTERIO', NULL, 6),
(74, 'CANTON SAN JOSE, MONTE SAN JUAN', 'CALLE PPAL. DESVIO A CTON. CONCEPCION', NULL, 4),
(75, 'CANTON SOLEDAD, CASERIO LAS HUERTAS, MONTE SAN JUAN', 'LAS HUERTAS', NULL, 8),
(76, 'CANTON SAN ANDRES, MUNICIPIO DE MONTE SAN JUAN', 'EL PASITO', NULL, 6),
(77, 'CANTON SAN ANDRES, CALLE A CTON EL CARMEN, MONTE SAN JUAN', 'CALLE A EL CARMEN', NULL, 6),
(78, 'CANTON SAN ANTONIO, MONTE SAN JUAN', 'LA ERMITA', NULL, 3),
(79, 'CANTON SOLEDAD, CASERIO LA COMUNAL, MONTE SAN JUAN', 'POR LA COLONIA', NULL, 8),
(80, 'CANTON SOLEDAD, CASERIO EL CALVARIO, MONTE SAN JUAN', 'LA META', NULL, 8),
(81, 'CANTON SAN ANDRES, MONTE SAN JUAN', 'EL CEMENTERIO', NULL, 6),
(82, 'CANTON SAN ANTONIO, MONTE SAN JUAN', 'LA ERMITA', NULL, 3),
(83, 'CANTON SAN ANDRES, CASERIO EL CAULOTE, MONTE SAN JUAN', 'LOS MARROQUINES', NULL, 6),
(84, 'CANTON SOLEDAD, CASERIO LA COMUNAL, MONTE SAN JUAN', 'POR LA COLONIA', NULL, 8),
(85, 'CANTON SOLEDAD, CASERIO LA ERMITA, MONTE SAN JUAN', 'POR LA ERMITA', NULL, 8),
(86, 'CANTON SOLEDAD, CASERIO LA ERMITA, MONTE SAN JUAN', 'LA CEIBA', NULL, 8),
(87, 'CANTON SAN ANDRES, MONTE SAN JUAN', 'LOS VALLE', NULL, 6),
(88, 'CANTON SAN ANTONIO, MONTE SAN JUAN', 'EL PASITO', NULL, 3),
(89, 'CANTON EL CARMEN, CASERIO LOS NARANJOS, MONTE SAN JUAN', 'CALLE PRINCIPAL', NULL, 5),
(90, 'CANTON SOLEDAD, CASERIO LA ERMITA, MONTE SAN JUAN', 'POR LA ERMITA', NULL, 8),
(91, 'CANTON SAN MARTIN, MONTE SAN JUAN', 'CASERIO LA ERMITA', NULL, 2),
(92, 'CANTON SAN JOSE, MONTE SAN JUAN', 'CASERIO LA ERMITA, LA COMUNAL', NULL, 4),
(93, 'CANTON EL CARMEN, CASERIO LOS NARANJOS, MONTE SAN JUAN', 'LOS TALPETATES', NULL, 5),
(94, 'CANTON SOLEDAD, CASERIO LAS HUERTAS, MONTE SAN JUAN', 'LAS HUERTAS', NULL, 8),
(95, 'CANTON SAN ANDRES, MONTE SAN JUAN', 'EL CEMENTERIO', NULL, 6),
(96, 'CANTON SAN ANDRES, MONTE SAN JUAN', 'EL CEMENTERIO', NULL, 6),
(97, 'CANTON SAN ANDRES, MONTE SAN JUAN', 'LA ESCUELA', NULL, 6),
(98, 'CANTON SAN MARTIN, MONTE SAN JUAN', 'CASERIO LA PEÃ‘ONA', NULL, 2),
(99, 'CANTON SOLEDAD, CASERIO LA ERMITA, MONTE SAN JUAN', 'LA CEIBA', NULL, 8),
(100, 'CANTON SAN JOSE, MONTE SAN JUAN', 'CASERIO EL COPINOL', NULL, 4),
(101, 'CANTON SOLEDAD, CASERIO LA COMUNAL, MONTE SAN JUAN', 'LA COLONIA', NULL, 8),
(102, 'CANTON SAN MARTIN, MONTE SAN JUAN', 'CASERIO EL CALVARIO', NULL, 2),
(103, 'CANTON SOLEDAD, CASERIO LA ESCUELA, MONTE SAN JUAN', 'EL PITO', NULL, 8),
(104, 'CANTON SAN ANTONIO, MONTE SAN JUAN', 'LA ERMITA', NULL, 3),
(105, 'CANTON EL CARMEN, CASERIO EL CHILINDRON, MONTE SAN JUAN', 'CALLE A CTON SOLEDAD', NULL, 5),
(106, 'CANTON SAN MARTIN, MONTE SAN JUAN', 'CASERIO LA ERMITA', NULL, 2),
(107, 'CANTON EL CARMEN, CASERIO LOS NARANJOS, MONTE SAN JUAN', 'POR LA CALLE VIEJA', NULL, 5),
(108, 'CANTON SOLEDAD, CASERIO LAS HUERTAS, MONTE SAN JUAN', 'LAS HUERTAS', NULL, 8),
(109, 'CANTON SOLEDAD, CASERIO LA ESCUELA, MONTE SAN JUAN', 'LA ESCUELA', NULL, 8),
(110, 'CANTON SAN ANTONIO, MONTE SAN JUAN', 'EL ACEITUNO', NULL, 3),
(111, 'CANTON SAN ANTONIO,MONTE SAN JUAN', 'LA COMUNAL', NULL, 3),
(112, 'CANTON SAN ANDRES, MONTE SAN JUAN', 'EL CEMENTERIO', NULL, 6),
(113, 'CANTON EL CARMEN, CASERIO LOS NARANJOS, MONTE SAN JUAN', 'CALLE PRINCIPAL', NULL, 5),
(114, 'CANTON SAN MARTIN, MONTE SAN JUAN', 'CASERIO LA ERMITA', NULL, 2),
(115, 'CANTON SAN ANDRES, MONTE SAN JUAN', 'EL CEMENTERIO', NULL, 6),
(116, 'CANTON EL CARMEN, CASERIO LA ERMITA, MONTE SAN JUAN', 'CALLE A  RIO TIZAPA', NULL, 5),
(117, 'CANTON EL CARMEN, CASERIO LA ERMITA, MONTE SAN JUAN', 'CAMINO A RIO TIZAPA', NULL, 5),
(118, 'CANTON SAN ANDRES, CALLE PPAL, MONTE SAN JUAN', 'LA COMUNAL', NULL, 6),
(119, 'CANTON SOLEDAD, CASERIO EL CALVARIO, MONTE SAN JUAN', 'POR IGLESIA EVANGELICA', NULL, 8),
(120, 'CANTON SAN MARTIN, MONTE SAN JUAN', 'CALLE A CASERIO IRIOMA', NULL, 2),
(121, 'CANTON SAN ANTONIO, CASERIO EL ACEITUNO, MONTE SAN JUAN', 'CAMINO AL RIO TEMPISQUE', NULL, 3),
(122, 'CANTON EL ROSARIO, CASERIO EL MOLINO, MONTE SAN JUAN', 'FRENTE A LA ERMITA', NULL, 1),
(123, 'CANTON SAN ANDRES, CASERIO EL GANCHO, MONTE SAN JUAN', 'CALLE PPAL, LA COMUNAL', NULL, 6),
(124, 'CANTON SAN ANTONIO, MONTE SAN JUAN', 'EL ACEITUNO', NULL, 3),
(125, 'CANTON SAN ANDRES, CASERIO MONTE LAS PILAS, MONTE SAN JUAN', 'FTE. A IGLESIA CATOLICA', NULL, 6),
(126, 'CANTON SAN MARTIN, CASERIO LA ERMITA ARRIBA, MONTE SAN JUAN', 'LIMITE CON CTON CONCEPCION', NULL, 2),
(127, 'CANTON CONCEPCION, MONTE SAN JUAN', 'CASERIO SECTOR II', NULL, 7),
(128, 'CANTON SAN ANDRES,CASERIO EL CAULOTE, MONTE SAN JUAN', 'CALLE PPAL, EL CAULOTE', NULL, 6),
(129, 'CANTON SAN ANTONIO, CASERIO EL ACEITUNO, MONTE SAN JUAN', 'EL ACEITUNO', NULL, 3),
(130, 'CANTON SAN MARTIN, MONTE SAN JUAN', 'CALLE PPAL.  A IRIOMA', NULL, 2),
(131, 'CANTON SAN ANDRES, CASERIO EL CEMENTERIO,  MONTE SAN JUAN', 'EL PUENTE', NULL, 6),
(132, 'CANTON SAN ANTONIO, CASERIO LA ERMITA,  MONTE SAN JUAN', 'LA ESCUELA', NULL, 3),
(133, 'CANTON SOLEDAD, CASERIO LA ESCUELA, MONTE SAN JUAN', 'CALLE PRINCIPAL', NULL, 8),
(134, 'CANTON SOLEDAD, CASERIO EL CALVARIO, MONTE SAN JUAN', 'LA CEIBA', NULL, 8),
(135, 'CANTON SOLEDAD, CASERIO LA ESCUELA, MONTE SAN JUAN', 'CALLE PPAL. LIMITE CON CTON. EL CARMEN', NULL, 8),
(136, 'CANTON SAN MARTIN, MONTE SAN JUAN', 'CALLE A CASERIO IRIOMA', NULL, 2),
(137, 'CANTON SAN MARTIN, MONTE SAN JUAN', 'CASERIO LA ERMITA ARRIBA', NULL, 2),
(138, 'CANTON EL ROSARIO, CASERIO LA PRADERA, MONTE SAN JUAN', 'LA ERMITA', NULL, 1),
(139, 'CANTON SAN MARTIN, MONTE SAN JUAN', 'CASERIO LA ERMITA', NULL, 2),
(140, 'CANTON CONCEPCION, MONTE SAN JUAN', 'CASERIO SECTOR I', NULL, 7),
(141, 'CANTON SOLEDAD, CASERIO LAS HUERTAS, MONTE SAN JUAN', 'ENTRADA A LAS HUERTAS', NULL, 8),
(142, 'CANTON SOLEDAD, CASERIO LAS HUERTAS, MONTE SAN JUAN', 'LAS HUERTAS', NULL, 8),
(143, 'CANTON SAN ANDRES, CASERIO LA ESCUELA, MONTE SAN JUAN', 'ATRAS DE LA  IGLESIA CATOLICA', NULL, 6),
(144, 'CANTON SAN ANDRES, CASERIO LA ESCUELA,MTE SN JUAN', 'CALLE AL CEMENTERIO, EL CONACASTE', NULL, 6),
(145, 'CANTON SAN JOSE, MONTE SAN JUAN', 'CASERIO EL COPINOL', NULL, 4),
(146, 'CANTON SOLEDAD, CASERIO EL CALVARIO, MONTE SAN JUAN', 'POR EL CALVARIO', NULL, 8),
(147, 'CANTON EL CARMEN, CASERIO LOS NARANJOS, MONTE SAN JUAN', 'POR LA CANCHA', NULL, 5),
(148, 'CANTON SAN ANTONIO, CASERIO LA ESCUELA, MONTE SAN JUAN', 'LA COMUNAL', NULL, 3),
(149, 'CANTON EL CARMEN, CASERIO EL CHILINDRON, MONTE SAN JUAN', 'CALLE A CTON SOLEDAD', NULL, 5),
(150, 'CANTON SAN ANDRES, LA COMUNAL, MONTE SAN JUAN', 'LA LOMA', NULL, 6),
(151, 'CANTON SAN MARTIN, MONTE SAN JUAN', 'CASERIO LA ERMITA', NULL, 2),
(152, 'CANTON SAN MARTIN, MONTE SAN JUAN', 'CASERIO LA ERMITA', NULL, 2),
(153, 'CANTON SAN MARTIN, MONTE SAN JUAN', 'CASERIO LA ERMITA ARRIBA', NULL, 2),
(154, 'CANTON SAN MARTIN, MONTE SAN JUAN', 'CASERIO LA ERMITA', NULL, 2),
(155, 'CANTON SAN MARTIN, MONTE SAN JUAN', 'CASERIO LA ERMITA', NULL, 2),
(156, 'CANTON SAN MARTIN, MONTE SAN JUAN', 'CASERIO EL CALVARIO', NULL, 2),
(157, 'CANTON SAN MARTIN, MONTE SAN JUAN', 'CASERIO LA PENONA', NULL, 2),
(158, 'CANTON SAN JOSE, MONTE SAN JUAN', 'CALLE PPAL. CASERIO LA ERMITA', NULL, 4),
(159, 'CANTON SOLEDAD, CASERIO LAS HUERTAS, MONTE SAN JUAN', 'LAS HUERTAS', NULL, 8),
(160, 'CANTON SAN JOSE, MONTE SAN JUAN', 'CASERIO LOS PAREDES', NULL, 4),
(161, 'CANTON SAN JOSE, MONTE SAN JUAN', 'CALLE PPAL. CASERIO LA ERMITA, EL MOLINO', NULL, 4),
(162, 'CANTON SAN ANTONIO, CASERIO LA ESCUELA, MONTE SAN JUAN', 'POR LA ERMITA', NULL, 3),
(163, 'CANTON SAN ANTONIO, MONTE SAN JUAN', 'LA COMUNAL', NULL, 3),
(164, 'CANTON SAN MARTIN, MONTE SAN JUAN', 'CALLE A CASERIO IRIOMA', NULL, 2),
(165, 'CANTON CONCEPCION, MONTE SAN JUAN', 'CASERIO SECTOR I', NULL, 7),
(166, 'CANTON SOLEDAD, CASERIO LA ERMITA, MONTE SAN JUAN', 'POR LA ERMITA', NULL, 8),
(167, 'CANTON EL CARMEN, CASERIO LOS NARANJOS, MONTE SAN JUAN', 'POR LA COMUNAL', NULL, 5),
(168, 'CANTON EL CARMEN, CASERIO LA ERMITA, MONTE SAN JUAN', 'CALLE A  RIO TIZAPA', NULL, 5),
(169, 'CANTON EL CARMEN, CASERIO LOS NARANJOS, MONTE SAN JUAN', 'LA COMUNAL', NULL, 5),
(170, 'CANTON CONCEPCION, MONTE SAN JUAN', 'CASERIO SECTOR II', NULL, 7),
(171, 'CANTON SAN JOSE, MONTE SAN JUAN', 'CALLE  REDONDEL EL COPINOL', NULL, 4),
(172, 'CANTON SOLEDAD, CASERIO EL CALVARIO, MONTE SAN JUAN', 'POR EL CALVARIO', NULL, 8),
(173, 'CANTON EL CARMEN, CASERIO LA ERMITA, MONTE SAN JUAN', 'CALLE AL CEMENTERIO DE CTON SAN ANDRES', NULL, 5),
(174, 'CANTON SOLEDAD, CASERIO LAS HUERTAS, MONTE SAN JUAN', 'POR LA CANCHA', NULL, 8),
(175, 'CANTON EL CARMEN, CALLE PPAL. , MONTE SAN JUAN', 'CASERIO LOS BELTRANES', NULL, 5),
(176, 'CANTON SAN JOSE, MONTE SAN JUAN', 'CALLE PPAL. AL PUENTE EL ROSARIO', NULL, 4),
(177, 'CANTON SOLEDAD, CASERIO EL LIMONCILLO, MONTE SAN JUAN', 'POR LA CALLE VIEJA', NULL, 8),
(178, 'CANTON EL ROSARIO, CASERIO LA PRADERA', 'LA PRADERA', NULL, 1),
(179, 'CANTON SOLEDAD, CASERIO LA ESCUELA, MONTE SAN JUAN', 'EL PITO', NULL, 8),
(180, 'CANTON SAN JOSE, MONTE SAN JUAN', 'CASERIO LOS PAREDES', NULL, 4),
(181, 'CANTON SAN ANTONIO, MONTE SAN JUAN', 'LA ERMITA', NULL, 3),
(182, 'CANTON EL CARMEN, CASERIO LOS NARANJOS, MONTE SAN JUAN', 'LA COMUNAL', NULL, 5),
(183, 'CANTON SOLEDAD, CASERIO LOS CHAVEZ, MONTE SAN JUAN', 'LA CALLE VIEJA', NULL, 8),
(184, 'CANTON SOLEDAD, CASERIO LA COMUNAL, MONTE SAN JUAN', 'LA COLONIA', NULL, 8),
(185, 'CANTON CONCEPCION, MONTE SAN JUAN', 'CASERIO SECTOR I', NULL, 7),
(186, 'CANTON SAN MARTIN, MONTE SAN JUAN', 'CASERIO LA PEÃ‘ONA', NULL, 2),
(187, 'CANTON EL CARMEN, CASERIO LOS NARANJOS, MONTE SAN JUAN', 'POR LA CALLE VIEJA', NULL, 5),
(188, 'CANTON SOLEDAD, CASERIO LAS HUERTAS, MONTE SAN JUAN', 'LAS HUERTAS', NULL, 8),
(189, 'CANTON SAN ANTONIO, MONTE SAN JUAN', 'EL ACEITUNO', NULL, 3),
(190, 'CANTON SOLEDAD, CASERIO LA ERMITA, MONTE SAN JUAN', 'POR LA ERMITA', NULL, 8),
(191, 'CANTON SOLEDAD, CASERIO LA ESCUELA, MONTE SAN JUAN', 'CALLE PRINCIPAL', NULL, 8),
(192, 'CANTON SOLEDAD, CASERIO LA ESCUELA, MONTE SAN JUAN', 'LA ESCUELA', NULL, 8),
(193, 'CANTON SAN ANTONIO, MONTE SAN JUAN', 'CASERIO LA ERMITA, LA COMUNAL', NULL, 3),
(194, 'CANTON CONCEPCION, MONTE SAN JUAN', 'CASERIO SECTOR I', NULL, 7),
(195, 'CANTON SOLEDAD, CASERIO LA ERMITA, MONTE SAN JUAN', 'ATRAS DE LA  IGLESIA CATOLICA', NULL, 8),
(196, 'CANTON EL CARMEN, CASERIO LOS NARANJOS, MONTE SAN JUAN', 'LA CANCHA', NULL, 5),
(197, 'CANTON SAN ANTONIO, CASERIO EL ACEITUNO, MONTE SAN JUAN', 'LA META', NULL, 3),
(198, 'CANTON SAN ANTONIO, MONTE SAN JUAN', 'LA ERMITA', NULL, 3),
(199, 'CANTON SAN ANDRES, MONTE SAN  JUAN', 'EL CEMENTERIO', NULL, 6),
(200, 'CANTON EL CARMEN, CASERIO LOS NARANJOS, MONTE SAN JUAN', 'LOS TALPETATES', NULL, 5),
(201, 'CANTON SOLEDAD, CASERIO EL CALVARIO, MONTE SAN JUAN', 'LA META', NULL, 8),
(202, 'CANTON EL CARMEN, CASERIO LOS NARANJOS, MONTE SAN JUAN', 'LOS TALPETATES', NULL, 5),
(203, 'CANTON SAN ANDRES, CASERIO EL CAULOTE, MONTE SAN JUAN', 'LOS MARROQUINES', NULL, 6),
(204, 'CANTON CONCEPCION, MONTE SAN JUAN', 'CASERIO SECTOR I, DESVIO A CTON SN JOSE', NULL, 7),
(205, 'CANTON SOLEDAD, CASERIO LAS HUERTAS, MONTE SAN JUAN', 'LAS HUERTAS', NULL, 8),
(206, 'CANTON EL ROSARIO, CASERIO EL AMATE, MONTE SAN JUAN', 'LA ESCUELA', NULL, 1),
(207, 'CANTON EL CARMEN, CASERIO LOS NARANJOS, MONTE SAN JUAN', 'LOS TALPETATES', NULL, 5),
(208, 'CANTON EL CARMEN, CASERIO LOS NARANJOS, MONTE SAN JUAN', 'LOS TALPETATES', NULL, 5),
(209, 'CANTON SAN ANTONIO, CASERIO LA ERMITA, MONTE SAN JUAN', 'LA ESCUELA', NULL, 3),
(210, 'CANTON EL CARMEN, CASERIO LOS NARANJOS, MONTE SAN JUAN', 'POR LA CANCHA', NULL, 5),
(211, 'CANTON SAN ANDRES, MONTE SAN JUAN', 'EL CEMENTRIO', NULL, 6),
(212, 'CANTON SAN ANDRES, MONTE SAN JUAN', 'EL CEMENTERIO', NULL, 6),
(213, 'CANTON SAN ANTONIO, CASERIO EL ACEITUNO, MONTE SAN JUAN', 'LA META', NULL, 3),
(214, 'CANTON SAN MARTIN, MONTE SAN JUAN', 'CASERIO LA PEÃ‘ONA', NULL, 2),
(215, 'CANTON SOLEDAD, CASERIO EL CALVARIO, MONTE SAN JUAN', 'LA META', NULL, 8),
(216, 'CANTON EL CARMEN, CASERIO EL CHILINDRON, MONTE SAN JUAN', 'EL LIMON, CAMINO A CTON SAN ANDRES', NULL, 5),
(217, 'CANTON SOLEDAD, CASERIO LOS CHAVEZ, MONTE SAN JUAN', 'LA CALLE VIEJA', NULL, 8),
(218, 'CANTON EL ROSARIO, CASERIO EL MOLINO', 'EL MOLINO', NULL, 1),
(219, 'CANTON SAN MARTIN, MONTE SAN JUAN', 'CASERIO EL CALVARIO', NULL, 2),
(220, 'CANTON SOLEDAD, CASERIO LA ERMITA, MONTE SAN JUAN', 'LOS JUAREZ', NULL, 8),
(221, 'CANTON SAN MARTIN, MONTE SAN JUAN', 'CASERIO EL CALVARIO', NULL, 2),
(222, 'CANTON SAN MARTIN, MONTE SAN JUAN', 'CASERIO LA ERMITA', NULL, 2),
(223, 'CANTON SAN ANDRES, CASERIO LA ESCUELA, MONTE SAN JUAN', 'ATRAS DE LA  IGLESIA CATOLICA', NULL, 6),
(224, 'CANTON SOLEDAD, CASERIO LOS CHAVEZ, MONTE SAN JUAN', 'LA CALLE VIEJA', NULL, 8),
(225, 'CANTON SAN MARTIN, MONTE SAN JUAN', 'CASERIO LA PEÃ‘ONA ABAJO', NULL, 2),
(226, 'CANTON SOLEDAD, CASERIO LAS HUERTAS, MONTE SAN JUAN', 'LAS HUERTAS', NULL, 8),
(227, 'CANTON SOLEDAD, CASERIO LA ESCUELA, MONTE SAN JUAN', 'LA CEIBA', NULL, 8),
(228, 'CANTON CONCEPCION, MONTE SAN JUAN', 'CASERIO SECTOR II', NULL, 7),
(229, 'CANTON SOLEDAD, CASERIO LA ESCUELA, MONTE SAN JUAN', 'CALLE PRINCIPAL', NULL, 8),
(230, 'CANTON SOLEDAD, CASERIO LAS HUERTAS, MONTE SAN JUAN', 'LAS HUERTAS', NULL, 8),
(231, 'CANTON SAN MARTIN, MONTE SAN JUAN', 'CASERIO LA PEÃ‘ONA ABAJO', NULL, 2),
(232, 'CANTON SAN JOSE, MONTE SAN JUAN', 'CASERIO LOS PAREDES', NULL, 4),
(233, 'CANTON EL ROSARIO, MONTE SAN JUAN', 'EL MOLINO', NULL, 1),
(234, 'CANTON SAN MARTIN, MONTE SAN JUAN', 'CALLE A CASERIO IRIOMA', NULL, 2),
(235, 'CANTON SOLEDAD, CASERIO LA ESCUELA, MONTE SAN JUAN', 'EL TAMARINDO', NULL, 8),
(236, 'CANTON CONCEPCION, MONTE SAN JUAN', 'CASERIO SECTOR II', NULL, 7),
(237, 'CANTON CONCEPCION, MONTE SAN JUAN', 'CASERIO SECTOR I, DESVIO A CTON SN JOSE', NULL, 7),
(238, 'CANTON SOLEDAD, CASERIO LA ERMITA, MONTE SAN JUAN', 'LOS JUAREZ', NULL, 8),
(239, 'CANTON SAN MARTIN, MONTE SAN JUAN', 'CASERIO EL CALVARIO', NULL, 2),
(240, 'CANTON SAN JOSE, MONTE SAN JUAN', 'CASERIO LOS PAREDES, CAMINO AL RIO', NULL, 4),
(241, 'CANTON SAN ANDRES, MONTE SAN JUAN', 'EL CEMENTERIO', NULL, 6),
(242, 'CANTON SAN MARTIN, MONTE SAN JUAN', 'CASERIO LA ERMITA ARRIBA', NULL, 2),
(243, 'CANTON SAN MARTIN, MONTE SAN JUAN', 'LA ERMITA', NULL, 2),
(244, 'CANTON SAN ANTONIO, MONTE SAN JUAN', 'EL ACEITUNO', NULL, 3),
(245, 'CANTON EL ROSARIO, CASERIO EL AMATE, MONTE SAN JUAN', 'EL AMATE', NULL, 1),
(246, 'CANTON SOLEDAD, CASERIO LOS CHAVEZ, MONTE SAN JUAN', 'LA CALLE VIEJA', NULL, 8),
(247, 'CANTON SOLEDAD, CASERIO LA ESCUELA, MONTE SAN JUAN', 'ENTRADA A LAS HUERTAS', NULL, 8),
(248, 'CANTON SAN ANDRES, MONTE SAN JUAN', 'LA ESCUELA ARRIBA CALLE PRINCIPAL A EL OJO DE AGUA', NULL, 6),
(249, 'CANTON SOLEDAD, CASERIO LOS CHAVEZ, MONTE SAN JUAN', 'CALLE PRINCIPAL, LIMITE DE CTON EL CARMEN', NULL, 8),
(250, 'CANTON SOLEDAD, CASERIO LAS HUERTAS, MONTE SAN JUAN', 'LAS HUERTAS', NULL, 8),
(251, 'CANTON EL CARMEN, CALLE PPAL. , MONTE SAN JUAN', 'LA ERMITA', NULL, 5),
(252, 'CANTON EL ROSARIO, CASERIO EL MOLINO, MONTE SAN JUAN', 'EL MOLINO', NULL, 1),
(253, 'CANTON SOLEDAD, CASERIO LA ERMITA, MONTE SAN JUAN', 'POR LA ERMITA', NULL, 8),
(254, 'CANTON SOLEDAD, CASERIO LA ERMITA, MONTE SAN JUAN', 'POR LA ERMITA', NULL, 8),
(255, 'CANTON SOLEDAD, CASERIO LAS HUERTAS, MONTE SAN JUAN', 'LAS HUERTAS', NULL, 8),
(256, 'CANTON SOLEDAD, CASERIO LAS HUERTAS, MONTE SAN JUAN', 'LAS HUERTAS', NULL, 8),
(257, 'CANTON EL CARMEN, CASERIO EL CHILINDRON, MONTE SAN JUAN', 'CALLE A CTON SOLEDAD', NULL, 5),
(258, 'CANTON SOLEDAD, CASERIO EL LIMONCILLO, MONTE SAN JUAN', 'POR LA CLINICA', NULL, 8),
(259, 'CANTON SOLEDAD, CASERIO LA COMUNAL, MONTE SAN JUAN', 'LA COLONIA', NULL, 8),
(260, 'CANTON SAN ANDRES, CASERIO EL CAULOTE, MONTE SAN JUAN', 'LOS MARROQUINES', NULL, 6),
(261, 'CANTON SOLEDAD, CASERIO LA ERMITA, MONTE SAN JUAN', 'LOS JUAREZ', NULL, 8),
(262, 'CANTON EL CARMEN, CASERIO LOS NARANJOS, MONTE SAN JUAN', 'LOS TALPETATES', NULL, 5),
(263, 'CANTON EL CARMEN, CASERIO LOS NARANJOS, MONTE SAN JUAN', 'CALLE PRINCIPAL', NULL, 5),
(264, 'CANTON SAN ANDRES, MONTE SAN JUAN', 'LA ESCUELA CALLE A EL OJO DE AGUA', NULL, 6),
(265, 'CANTON SAN MARTIN, MONTE SAN JUAN', 'CALLE A CASERIO IRIOMA', NULL, 2),
(266, 'CANTON SAN ANTONIO, MONTE SAN JUAN', 'EL ACEITUNO', NULL, 3),
(267, 'CANTON SOLEDAD, CASERIO LA ESCUELA, MONTE SAN JUAN', 'EL TAMARINDO', NULL, 8),
(268, 'CANTON SAN ANTONIO, MONTE SAN JUAN', 'LA COMUNAL', NULL, 3),
(269, 'CANTON SAN MARTIN, MONTE SAN JUAN', 'CASERIO EL TAMARINDO', NULL, 2),
(270, 'CANTON EL CARMEN, CASERIO LOS NARANJOS, MONTE SAN JUAN', 'LA COMUNAL', NULL, 5),
(271, 'CANTON SAN ANDRES, CASERIO LA ESCUELA, MONTE SAN JUAN', 'LOS VALLE', NULL, 6),
(272, 'CANTON CONCEPCION, MONTE SAN JUAN', 'CASERIO SECTOR I, DESVIO A CTON SN MARTIN', NULL, 7),
(273, 'CANTON SAN MARTIN, MONTE SAN JUAN', 'CALLE A CASERIO IRIOMA', NULL, 2),
(274, 'CANTON CONCEPCION, MONTE SAN JUAN', 'CASERIO SECTOR I, DESVIO A CTON SN JOSE', NULL, 7),
(275, 'CANTON SAN ANDRES,MONTE SAN JUAN', 'LOS VALLE', NULL, 6),
(276, 'CANTON SAN JOSE, MONTE SAN JUAN', 'CASERIO EL COPINOL', NULL, 4),
(277, 'CANTON CONCEPCION, MONTE SAN JUAN', 'CASERIO SECTOR I', NULL, 7),
(278, 'CANTON SAN ANDRES, CASERIO EL CAULOTE, MONTE SAN JUAN', 'CALLE PRINCIPAL', NULL, 6),
(279, 'CANTON SAN JOSE, MONTE SAN JUAN', 'CASERIO EL COPINOL', NULL, 4),
(280, 'CANTON SAN ANDRES, MONTE SAN JUAN', 'EL CEMENTERIO', NULL, 6),
(281, 'MONTE SAN JUAN, CANTON EL ROSARIO, CASERIO EL AMATE', 'LA CANCHA', NULL, 1),
(282, 'CANTON SOLEDAD, CASERIO LA COMUNAL, MONTE SAN JUAN', 'LA COLONIA', NULL, 8),
(283, 'CANTON SOLEDAD, CASERIO LA COMUNAL, MONTE SAN JUAN', 'POR LA COLONIA', NULL, 8),
(284, 'CANTON SAN MARTIN, MONTE SAN JUAN', 'ARRIBA DE LA ERMITA, LIMITE DE CTON CONCEPCION', NULL, 2),
(285, 'CANTON SOLEDAD, CASERIO LA COMUNAL, MONTE SAN JUAN', 'CALLE PPAL. POR LA COLONIA', NULL, 8),
(286, 'CANTON SAN MARTIN, MONTE SAN JUAN', 'CASERIO EL CALVARIO', NULL, 2),
(287, 'CANTON SOLEDAD, CASERIO LA ESCUELA, MONTE SAN JUAN', 'EL PITO', NULL, 8),
(288, 'CANTON EL CARMEN, CASERIO LOS NARANJOS, MONTE SAN JUAN', 'LA COMUNAL', NULL, 5),
(289, 'CANTON EL CARMEN, CASERIO LOS NARANJOS, MONTE SAN JUAN', 'ENTRADA A LA CANCHA', NULL, 5),
(290, 'CANTON CONCEPCION, MONTE SAN JUAN', 'CASERIO SECTOR I, DESVIO A CTON SN JOSE', NULL, 7),
(291, 'CANTON EL CARMEN, CASERIO LA ERMITA, MONTE SAN JUAN', 'ENTRADA LA ERMITA, CALLE AL RIO TIZAPA', NULL, 5),
(292, 'CANTON CONCEPCION, MONTE SAN JUAN', 'CASERIO SECTOR II', NULL, 7),
(293, 'CANTON SOLEDAD, CASERIO LA ESCUELA, MONTE SAN JUAN', 'EL PITO', NULL, 8),
(294, 'CANTON CONCEPCION, MONTE SAN JUAN', 'CASERIO SECTOR II', NULL, 7),
(295, 'CANTON EL ROSARIO, CASERIO EL AMATE, MONTE SAN JUAN', 'LA ESCUELA', NULL, 1),
(296, 'CANTON SOLEDAD, CASERIO LA ERMITA, MONTE SAN JUAN', 'LA CEIBA', NULL, 8),
(297, 'CANTON SAN JOSE, MONTE SAN JUAN', 'CASERIO EL COPINOL', NULL, 4),
(298, 'CANTON CONCEPCION, MONTE SAN JUAN', 'CASERIO SECTOR I, EL CALVARIO', NULL, 7),
(299, 'CANTON SOLEDAD, CASERIO LA ESCUELA, MONTE SAN JUAN', 'CALLE PRINCIPAL', NULL, 8),
(300, 'CANTON CONCEPCION, MONTE SAN JUAN', 'CASERIO SECTOR I, DESVIO A CTON SN JOSE', NULL, 7),
(301, 'CANTON SAN ANDRES, MONTE SAN JUAN', 'LA ESCUELA', NULL, 6),
(302, 'CANTON SOLEDAD, CASERIO LAS HUERTAS, MONTE SAN JUAN', 'LAS HUERTAS', NULL, 8),
(303, 'CANTON CONCEPCION, MONTE SAN JUAN', 'CASERIO SECTOR II', NULL, 7),
(304, 'CANTON SAN ANDRES, CALLE PPAL. A COJUTEPEQUE, MONTE SAN JUAN', 'LA PIEDRA POMA', NULL, 6),
(305, 'CANTON SAN ANDRES, CASERIO MONTE LAS PILAS, MONTE SAN JUAN', 'FTE. A IGLESIA CATOLICA', NULL, 6),
(306, 'CANTON SAN MARTIN, MONTE SAN JUAN', 'CASERIO EL TAMARINDO', NULL, 2),
(307, 'CANTON SAN ANDRES, CALLE A CANTON EL CARMEN, MONTE SAN JUAN', 'LA CUESTA', NULL, 6),
(308, 'CANTON SAN MARTIN, MONTE SAN JUAN', 'CASERIO LA ERMITA ARRIBA', NULL, 2),
(309, 'CANTON EL CARMEN, CALLE PPAL. , MONTE SAN JUAN', 'CASERIO LOS BELTRANES', NULL, 5),
(310, 'CANTON CONCEPCION, MONTE SAN JUAN', 'CASERIO SECTOR I', NULL, 7),
(311, 'CANTON SAN MARTIN, MONTE SAN JUAN', 'CALLE A CASERIO IRIOMA', NULL, 2),
(312, 'CANTON SAN MARTIN, MONTE SAN JUAN', 'CASERIO EL TAMARINDO', NULL, 2),
(313, 'CANTON CONCEPCION, MONTE SAN JUAN', 'CASERIO SECTOR II', NULL, 7),
(314, 'CANTON SAN MARTIN, MONTE SAN JUAN', 'CALLE A CASERIO IRIOMA,LA RINCONADA', NULL, 2),
(315, 'CANTON SAN MARTIN, MONTE SAN JUAN', 'CASERIO EL TAMARINDO', NULL, 2),
(316, 'CANTON SAN MARTIN, MONTE SAN JUAN', 'CALLE A CASERIO IRIOMA', NULL, 2),
(317, 'CANTON SAN MARTIN, MONTE SAN JUAN', 'CALLE A CASERIO IRIOMA', NULL, 2),
(318, 'CANTON SOLEDAD, CASERIO EL CALVARIO, MONTE SAN JUAN', 'POR EL CALVARIO', NULL, 8),
(319, 'CANTON SOLEDAD, CASERIO LA ERMITA, MONTE SAN JUAN', 'LA CEIBA', NULL, 8),
(320, 'CANTON EL ROSARIO, CASERIO LA PRADERA', 'LA PRADERA', NULL, 1),
(321, 'CANTON SAN ANTONIO,MONTE SAN JUAN', 'EL PASITO', NULL, 3),
(322, 'CANTON SAN MARTIN, MONTE SAN JUAN', 'CASERIO EL TAMARINDO', NULL, 2),
(323, 'CANTON SAN ANTONIO, MONTE SAN JUAN', 'EL  ACEITUNO', NULL, 3),
(324, 'CANTON EL CARMEN, CALLE PPAL. , MONTE SAN JUAN', 'CASERIO LOS BELTRANES', NULL, 5),
(325, 'CANTON CONCEPCION, MONTE SAN JUAN', 'CASERIO SECTOR I, DESVIO A CTON SN MARTIN', NULL, 7),
(326, 'CANTON EL CARMEN, CALLE PPAL. , MONTE SAN JUAN', 'CASERIO LOS BELTRANES', NULL, 5),
(327, 'CANTON SAN ANDRES, MONTE SAN JUAN', 'EL CEMENTERIO', NULL, 6),
(328, 'CANTON SAN MARTIN, MONTE SAN JUAN', 'CASERIO EL TAMARINDO', NULL, 2),
(329, 'CANTON SAN MARTIN,CASERIO EL TAMARINDO, MONTE SAN JUAN', 'CALLE AL CALVARIO', NULL, 2),
(330, 'CANTON SAN MARTIN, MONTE SAN JUAN', 'CASERIO LA ERMITA', NULL, 2),
(331, 'CANTON SAN MARTIN, MONTE SAN JUAN', 'CASERIO LA ERMITA', NULL, 2),
(332, 'CANTON SAN MARTIN, MONTE SAN JUAN', 'CASERIO LA ERMITA', NULL, 2),
(333, 'CANTON SAN MARTIN, MONTE SAN JUAN', 'CASERIO LA ERMITA', NULL, 2),
(334, 'CANTON SAN MARTIN, MONTE SAN JUAN', 'CASERIO EL TAMARINDO', NULL, 2),
(335, 'CANTON SAN MARTIN, MONTE SAN JUAN', 'CASERIO LA ERMITA', NULL, 2),
(336, 'CANTON SAN MARTIN, MONTE SAN JUAN', 'CASERIO LA ERMITA', NULL, 2),
(337, 'CANTON SAN MARTIN, MONTE SAN JUAN', 'CASERIO LA ERMITA', NULL, 2),
(338, 'CANTON SAN MARTIN, MONTE SAN JUAN', 'CASERIO EL TAMARINDO', NULL, 2),
(339, 'CANTON SAN MARTIN, MONTE SAN JUAN', 'CASERIO LA ERMITA', NULL, 2),
(340, 'CANTON SAN MARTIN, MONTE SAN JUAN', 'CASERIO LA ERMITA', NULL, 2),
(341, 'CANTON SAN MARTIN, MONTE SAN JUAN', 'CASERIO LA ERMITA', NULL, 2),
(342, 'CANTON SAN MARTIN, MONTE SAN JUAN', 'CASERIO LA ERMITA', NULL, 2),
(343, 'CANTON SAN MARTIN, MONTE SAN JUAN', 'CASERIO LA ERMITA', NULL, 2),
(344, 'CANTON SAN MARTIN, MONTE SAN JUAN', 'CASERIO LA ERMITA', NULL, 2),
(345, 'CANTON SAN ANDRES, MONTE SAN JUAN', 'SEPTOR 2 CALLE A EL OJO DE AGUA', NULL, 6),
(346, 'CANTON SAN JOSE, MONTE SAN JUAN', 'CALLE PPAL. DESVIO A CTON. CONCEPCION', NULL, 4),
(347, 'CANTON SAN JOSE, MONTE SAN JUAN', 'CALLE PPAL. A LA ERMITA', NULL, 4),
(348, 'CANTON CONCEPCION, MONTE SAN JUAN', 'CASERIO SECTOR II', NULL, 7),
(349, 'CANTON EL CARMEN, CASERIO LOS NARANJOS, MONTE SAN JUAN', 'LOS TALPETATES', NULL, 5),
(350, 'CANTON EL CARMEN, CASERIO LA ERMITA, MONTE SAN JUAN', 'CALLE PRINCIPAL', NULL, 5),
(351, 'CANTON SAN  ANDRES, MONTE SAN JUAN', 'EL CEMENTERIO', NULL, 6),
(352, 'CANTON EL CARMEN, CASERIO LA ERMITA, MONTE SAN JUAN', 'CALLE PRINCIPAL', NULL, 5),
(353, 'CANTON CONCEPCION, MONTE SAN JUAN', 'CASERIO SECTOR I, EL CALVARIO', NULL, 7),
(354, 'CANTON SAN MARTIN, MONTE SAN JUAN', 'CALLE A CASERIO IRIOMA', NULL, 2),
(355, 'CANTON EL CARMEN, CALLE PPAL. , MONTE SAN JUAN', 'CASERIO LOS BELTRANES', NULL, 5),
(356, 'CANTON SAN ANTONIO, MONTE SAN JUAN', 'EL PASITO', NULL, 3),
(357, 'CANTON EL CARMEN, CASERIO LOS NARANJOS, MONTE SAN JUAN', 'LOS TALPETATES', NULL, 5),
(358, 'CANTON SOLEDAD, CASERIO EL CALVARIO, MONTE SAN JUAN', 'LA CANCHA', NULL, 8),
(359, 'CANTON EL CARMEN, CASERIO LOS NARANJOS, MONTE SAN JUAN', 'LOS TALPETATES', NULL, 5),
(360, 'CANTON EL CARMEN, CALLE PPAL. , MONTE SAN JUAN', 'CASERIO LOS BELTRANES', NULL, 5),
(361, 'CANTON SAN ANDRES, CASERIO MONTE LAS PILAS, MONTE SAN JUAN', 'LOS HERNANDEZ', NULL, 6),
(362, 'CANTON SAN ANDRES, MONTE SAN JUAN', 'EL CEMENTERIO', NULL, 6),
(363, 'CANTON SAN ANDRES, MONTE SAN JUAN', 'EL CEMENTERIO', NULL, 6),
(364, 'CANTON SAN ANDRES, MONTE SAN JUAN', 'EL CEMENTERIO', NULL, 6),
(365, 'CANTON SAN MARTIN, MONTE SAN JUAN', 'EL CEMENTERIO', NULL, 6),
(366, 'CANTON SAN ANDRES, CASERIO MONTE LAS PILAS, MONTE SAN JUAN', 'LOS HERNANDEZ', NULL, 6),
(367, 'CANTON SAN ANDRES, CASERIO EL CEMENTERIO, MONTE SAN JUAN', 'CAMINO A LA CANCHA', NULL, 6),
(368, 'CANTON SAN ANTONIO, MONTE  SAN JUAN', 'EL ACEITUNO', NULL, 3),
(369, 'CANTON EL ROSARIO, CASERIO LA PRADERA', 'LA PRADERA', NULL, 1),
(370, 'CANTON EL CARMEN, CASERIO LOS NARANJOS, MONTE SAN JUAN', 'CALLE PRINCIPAL', NULL, 5),
(371, 'CANTON SAN MARTIN, MONTE SAN JUAN', 'CASERIO LA ERMITA', NULL, 2),
(372, 'CANTON SOLEDAD, CASERIO LA ERMITA, MONTE SAN JUAN', 'LA CEIBA', NULL, 8),
(373, 'CANTON SAN ANDRES, LA CANCHA, MONTE SAN JUAN', 'EL PASITO', NULL, 6),
(374, 'CANTON SAN ANDRES, CASERIO EL CAULOTE, MONTE SAN JUAN', 'EL CAULOTE', NULL, 6),
(375, 'CANTON EL ROSARIO, CASERIO LA PRADERA', 'LA PRADERA', NULL, 1),
(376, 'CANTON SOLEDAD, CASERIO LA ERMITA, MONTE SAN JUAN', 'POR LA CLINICA', NULL, 8),
(377, 'CANTON SOLEDAD, CASERIO EL CALVARIO, MONTE SAN JUAN', 'LA META', NULL, 8),
(378, 'CANTON SAN MARTIN, MONTE SAN JUAN', 'CASERIO EL TAMARINDO', NULL, 2),
(379, 'CANTON SAN ANTONIO,MONTE SAN JUAN', 'EL CALVARIO', NULL, 3),
(380, 'CANTON SAN ANDRES, CASERIO LA ESCUELA, MONTE SAN JUAN', 'LA COMUNAL', NULL, 6),
(381, 'CANTON SAN MARTIN, MONTE SAN JUAN', 'CALLE A CASERIO IRIOMA', NULL, 2),
(382, 'CANTON SAN MARTIN, MONTE SAN JUAN', 'CASERIO LA ERMITA', NULL, 2),
(383, 'CANTON SAN ANTONIO, MONTE SAN JUAN', 'LA ERMITA', NULL, 3),
(384, 'CANTON SAN MARTIN, MONTE SAN JUAN', 'LA ESCUELA', NULL, 2),
(385, 'CANTON SOLEDAD, CASERIO LA COMUNAL, MONTE SAN JUAN', 'POR LA COLONIA', NULL, 8),
(386, 'CANTON EL CARMEN, CASERIO LA ERMITA, MONTE SAN JUAN', 'CAMINO A RIO TIZAPA', NULL, 5),
(387, 'CANTON EL CARMEN, CASERIO LOS NARANJOS, MONTE SAN JUAN', 'POR LA CALLE VIEJA', NULL, 5),
(388, 'CANTON SAN MARTIN,MONTE SAN JUAN', 'CALLE A IRIOMA', NULL, 2),
(389, 'CANTON EL CARMEN, CASERIO LOS NARANJOS, MONTE SAN JUAN', 'LOS TALPETATES', NULL, 5),
(390, 'CANTON CONCEPCION, MONTE SAN JUAN', 'CASERIO SECTOR I', NULL, 7),
(391, 'CANTON SOLEDAD, CASERIO LAS HUERTAS, MONTE SAN JUAN', 'ENTRADA A LAS HUERTAS', NULL, 8),
(392, 'CANTON SAN ANDRES, MONTE SAN JUAN', 'LOS VALLE', NULL, 6),
(393, 'CANTON SOLEDAD, CASERIO LOS CHAVEZ, MONTE SAN JUAN', 'LA CALLE VIEJA', NULL, 8),
(394, 'CANTON SAN MARTIN, MONTE SAN JUAN', 'CALLE A CASERIO IRIOMA', NULL, 2),
(395, 'CANTON EL CARMEN, CASERIO LOS NARANJOS, MONTE SAN JUAN', 'LOS TALPETATES', NULL, 5),
(396, 'CANTON CONCEPCION, MONTE SAN JUAN', 'CASERIO SECTOR II', NULL, 7),
(397, 'CANTON CONCEPCION, MONTE SAN JUAN', 'CASERIO SECTOR I, DESVIO A CTON SN JOSE', NULL, 7),
(398, 'CANTON SAN JOSE, MONTE SAN JUAN', 'CAMINO AL TANQUE', NULL, 4),
(399, 'CANTON SAN JOSE, MONTE SAN JUAN', 'CASERIO EL COPINOL', NULL, 4),
(400, 'CANTON CONCEPCION, MONTE SAN JUAN', 'CASERIO SECTOR I, DESVIO A CTON SN JOSE', NULL, 7),
(401, 'CANTON SAN JOSE, MONTE SAN JUAN', 'CASERIO EL COPINOL,CALLE PPAL.', NULL, 4),
(402, 'CANTON SAN ANDRES, MONTE SAN JUAN', 'EL CEMENTERIO', NULL, 6),
(403, 'CANTON SOLEDAD, CASERIO EL CALVARIO, MONTE SAN JUAN', 'EL CALVARIO', NULL, 8),
(404, 'CANTON SAN ANDRES, MONTE SAN JUAN', 'EL CEMENTERIO', NULL, 6),
(405, 'CANTON SOLEDAD, CASERIO EL CALVARIO, MONTE SAN JUAN', 'EL CALVARIO', NULL, 8),
(406, 'CANTON EL CARMEN, CALLE PPAL. , MONTE SAN JUAN', 'CASERIO LOS BELTRANES', NULL, 5),
(407, 'CANTON CONCEPCION, MONTE SAN JUAN', 'CASERIO SECTOR I', NULL, 7),
(408, 'CANTON EL CARMEN, CASERIO LOS NARANJOS, MONTE SAN JUAN', 'POR LA CALLE VIEJA', NULL, 5),
(409, 'CANTON CONCEPCION, MONTE SAN JUAN', 'CASERIO SECTOR II', NULL, 7),
(410, 'CANTON SAN ANDRES, MONTE SAN JUAN', 'LA ESCUELA', NULL, 6),
(411, 'CANTON SAN ANDRES, MONTE SAN JUAN', 'LOS VALLE', NULL, 6),
(412, 'CANTON SAN ANDRES, MONTE SAN JUAN', 'EL PASITO', NULL, 6),
(413, 'CANTON SOLEDAD, CASERIO LA ESCUELA, MONTE SAN JUAN', 'CALLE PRINCIPAL', NULL, 8),
(414, 'CANTON CONCEPCION, MONTE SAN JUAN', 'CASERIO SECTOR I, DESVIO A CTON SN JOSE', NULL, 7),
(415, 'CANTON SAN ANTONIO, MONTE SAN JUAN', 'LA COMUNAL', NULL, 3),
(416, 'CANTON SAN JOSE, MONTE SAN JUAN', 'CASERIO LOS PAREDES', NULL, 4),
(417, 'CANTON SOLEDAD, CASERIO LA ERMITA, MONTE SAN JUAN', 'LA CEIBA', NULL, 8),
(418, 'CANTON EL CARMEN, CASERIO EL CHILINDRON, MONTE SAN JUAN', 'CALLE A CTON SOLEDAD', NULL, 5),
(419, 'CANTON EL ROSARIO, CASERIO LA PRADERA, MONTE SAN JUAN', 'LA PRADERA', NULL, 1),
(420, 'CANTON SAN ANTONIO, MONTE SAN JUAN', 'EL PASITO', NULL, 3),
(421, 'CANTON SAN ANTONIO, MONTE SAN JUAN', 'EL ACEITUNO', NULL, 3),
(422, 'CANTON SAN MARTIN, MONTE SAN JUAN', 'CASERIO LA PEÃ‘ONA ABAJO', NULL, 2),
(423, 'CANTON EL ROSARIO, CASERIO EL AMATE,MONTE SAN JUAN', 'CALLE AL MATAZANO', NULL, 1),
(424, 'CANTON CONCEPCION, MONTE SAN JUAN', 'CASERIO SECTOR II', NULL, 7),
(425, 'CANTON SAN MARTIN, MONTE SAN JUAN', 'CASERIO LA ERMITA', NULL, 2),
(426, 'CANTON SAN ANDRES, MONTE SAN JUAN', 'EL CEMENTERIO', NULL, 6),
(427, 'CANTON CONCEPCION, MONTE SAN JUAN', 'CASERIO SECTOR I, DESVIO A CTON SN JOSE', NULL, 7),
(428, 'CANTON SOLEDAD, CASERIO EL CALVARIO, MONTE SAN JUAN', 'EL CALVARIO', NULL, 8),
(429, 'CANTON SAN MARTIN, MONTE SAN JUAN', 'CALLE A CASERIO IRIOMA', NULL, 2),
(430, 'CANTON SOLEDAD, CASERIO EL CALVARIO, MONTE SAN JUAN', 'LA META', NULL, 8),
(431, 'CANTON SAN ANTONIO, MONTE SAN JUAN', 'EL PASITO', NULL, 3),
(432, 'CANTON SOLEDAD, CASERIO EL LIMONCILLO, MONTE SAN JUAN', 'POR LA CALLE VIEJA', NULL, 8),
(433, 'CANTON SOLEDAD, CASERIO LA ERMITA, MONTE SAN JUAN', 'LA CEIBA', NULL, 8),
(434, 'CANTON EL CARMEN, CASERIO LOS NARANJOS, MONTE SAN JUAN', 'LA FINCA', NULL, 5),
(435, 'CANTON EL CARMEN, CASERIO EL CHILINDRON, MONTE SAN JUAN', 'EL LIMON, CAMINO A CTON SAN ANDRES', NULL, 5),
(436, 'CANTON SAN ANTONIO, MONTE SAN JUAN', 'EL PASITO', NULL, 3),
(437, 'CANTON SAN ANDRES, CALLE PPAL, MONTE SAN JUAN', 'LA ERMITA', NULL, 6),
(438, 'CANTON SAN ANTONIO, MONTE SAN JUAN', 'LA ERMITA', NULL, 3),
(439, 'CANTON EL CARMEN, CASERIO LA ERMITA, MONTE SAN JUAN', 'CALLE A CTON SAN ANDRES', NULL, 5),
(440, 'CANTON SAN ANTONIO, MONTE SAN JUAN', 'EL ACEITUNO', NULL, 3),
(441, 'CANTON SAN MARTIN, MONTE SAN JUAN', 'CASERIO LA PEÃ‘ONA', NULL, 2),
(442, 'CANTON SOLEDAD, CASERIO LAS HUERTAS, MONTE SAN JUAN', 'LAS HUERTAS', NULL, 8),
(443, 'CANTON SAN MARTIN, MONTE SAN JUAN', 'CASERIO LA ERMITA ARRIBA', NULL, 2),
(444, 'CANTON SAN ANDRES, MONTE SAN JUAN', 'LA ESCUELA', NULL, 6),
(445, 'CANTON SOLEDAD, CASERIO LA ERMITA, MONTE SAN JUAN', 'FTE. A IGLESIA CATOLICA', NULL, 8),
(446, 'CANTON SOLEDAD, CASERIO LA COMUNAL, MONTE SAN JUAN', 'LA COLONIA', NULL, 8),
(447, 'CANTON SAN JOSE, MONTE SAN JUAN', 'CASERIO LA ERMITA, LA COMUNAL', NULL, 4),
(448, 'CANTON SAN MARTIN, MONTE SAN JUAN', 'CASERIO LA PEÃ‘ONA ABAJO', NULL, 2),
(449, 'CANTON SAN ANTONIO,MONTE SAN JUAN', 'EL PASITO', NULL, 3),
(450, 'CANTON SAN ANDRES, CALLE A CANTON EL CARMEN, MONTE SAN JUAN', 'CUESTA EL PASITO', NULL, 6),
(451, 'CANTON EL CARMEN, CASERIO LA ERMITA, MONTE SAN JUAN', 'CAMINO A RIO TIZAPA', NULL, 5),
(452, 'CANTON EL ROSARIO, CASERIO LA PRADERA', 'LA PRADERA', NULL, 1),
(453, 'CANTON EL CARMEN, CASERIO LOS NARANJOS, MONTE SAN JUAN', 'CALLE PRINCIPAL', NULL, 5),
(454, 'CANTON SAN ANTONIO, MONTE SAN JUAN', 'LA ERMITA', NULL, 3),
(455, 'CANTON SAN MARTIN, MONTE SAN JUAN', 'EL TAMARINDO, LA ESCUELA', NULL, 2),
(456, 'CANTON EL CARMEN, CASERIO LA ERMITA, MONTE SAN JUAN', 'CALLE A CTON SAN ANDRES', NULL, 5),
(457, 'CANTON SOLEDAD, CASERIO EL LIMONCILLO, MONTE SAN JUAN', 'CALLE PRINCIPAL, LA CLINICA', NULL, 8),
(458, 'CANTON SAN MARTIN, MONTE SAN JUAN', 'CALLE A IRIOMA, 2 CUADRAS ANTES', NULL, 2),
(459, 'CANTON SAN MARTIN MONTE SAN JUAN', 'EL CALVARIO', NULL, 2),
(460, 'CANTON SAN JOSE, MONTE SAN JUAN', 'CALLE PPAL. CASERIO LA ERMITA', NULL, 4),
(461, 'CANTON SAN ANDRES, MONTE SAN JUAN', 'EL CEMENTERIO', NULL, 6),
(462, 'CANTON ROSARIO TABLON, CASERIO IRIOMA, TENANCINGO', 'LA ESCUELA', NULL, 2),
(463, 'CANTON SAN ANDRES, CASERIO EL CEMENTERIO, MONTE SAN JUAN', 'COSTADO SUR DEL CEMENTERIO', NULL, 6),
(464, 'CANTON SAN MARTIN, MONTE SAN JUAN', 'CASERIO LA ERMITA ARRIBA', NULL, 2),
(465, 'CANTON CONCEPCION, MONTE SAN JUAN', 'CASERIO SECTOR I, DESVIO A CTON SN JOSE', NULL, 7),
(466, 'CANTON SAN ANDRES, MONTE SAN JUAN', 'EL PASITO', NULL, 6),
(467, 'CANTON SAN ANDRES, CALLE PPAL, MONTE SAN JUAN', 'EL GANCHO DE CALLE', NULL, 6),
(468, 'CANTON SOLEDAD, CASERIO EL CALVARIO, MONTE SAN JUAN', 'LA META', NULL, 8),
(469, 'CANTON SAN MARTIN, MONTE SAN JUAN', 'CASERIO LA ERMITA', NULL, 2),
(470, 'CANTON SAN MARTIN, MONTE SAN JUAN', 'CASERIO LA ERMITA ARRIBA', NULL, 2),
(471, 'CANTON SAN MARTIN, MONTE SAN JUAN', 'CASERIO EL CALVARIO', NULL, 2),
(472, 'CANTON SAN MARTIN, MONTE SAN JUAN', 'CASERIO LA ERMITA', NULL, 2),
(473, 'CANTON SAN MARTIN, MONTE SAN JUAN', 'CASERIO EL CALVARIO', NULL, 2),
(474, 'CANTON SAN MARTIN, MONTE SAN JUAN', 'CASERIO EL CALVARIO', NULL, 2),
(475, 'CANTON SAN MARTIN, MONTE SAN JUAN', 'CASERIO EL CALVARIO', NULL, 2),
(476, 'CANTON SAN MARTIN, MONTE SAN JUAN', 'CASERIO EL TAMARINDO', NULL, 2),
(477, 'CANTON SAN MARTIN, MONTE SAN JUAN', 'CASERIO EL CALVARIO', NULL, 2),
(478, 'CANTON SAN MARTIN, MONTE SAN JUAN', 'CASERIO EL CALVARIO', NULL, 2),
(479, 'CANTON SAN ANTONIO, MONTE SAN JUAN', 'EL PASITO', NULL, 3),
(480, 'CANTON SAN ANTONIO, MONTE SAN JUAN', 'EL CALVARIO', NULL, 3),
(481, 'CANTON SAN ANDRES, CASERIO LA ESCUELA, MONTE SAN JUAN', 'CALLE PPAL. FRENTE  A LA ESCUELA', NULL, 6),
(482, 'CANTON SAN JOSE, MONTE SAN JUAN', 'CASERIO EL COPINOL', NULL, 4),
(483, 'CANTON SAN ANDRES, MONTE SAN JUAN', 'SEPTOR 2', NULL, 6),
(484, 'CANTON SAN MARTIN, MONTE SAN JUAN', 'CASERIO LA ERMITA', NULL, 2),
(485, 'CANTON SAN MARTIN, MONTE SAN JUAN', 'CALLE A CASERIO IRIOMA', NULL, 2),
(486, 'CANTON EL TABLON, TENANCINGO', 'CASERIO IRIOMA, LA CEIBA', NULL, 2),
(487, 'CASERIO IRIOMA TENANCINGO', 'CASERIO IRIOMA', NULL, 2),
(488, 'CANTON SAN MARTIN, MONTE SAN JUAN', 'CALLE A CASERIO IRIOMA', NULL, 2),
(489, 'CANTON EL TABLON, TENANCINGO', 'CASERIO IRIOMA, LA CEIBA', NULL, 2),
(490, 'CANTON SAN MARTIN, MONTE SAN JUAN', 'CALLE A CASERIO IRIOMA', NULL, 2),
(491, 'CANTON SAN MARTIN, MONTE SAN JUAN', 'CALLE A CASERIO IRIOMA', NULL, 2),
(492, 'CANTON SAN MARTIN, MONTE SAN JUAN', 'CALLE A CASERIO IRIOMA', NULL, 2),
(493, 'CANTON EL TABLON, TENANCINGO', 'CASERIO IRIOMA ABAJO', NULL, 2),
(494, 'CANTON SAN MARTIN, MONTE SAN JUAN', 'CALLE A CASERIO IRIOMA', NULL, 2),
(495, 'CANTON EL TABLON, TENANCINGO', 'CASERIO IRIOMA, LA CEIBA', NULL, 2),
(496, 'CANTON SAN MARTIN, MONTE SAN JUAN', 'CALLE A CASERIO IRIOMA', NULL, 2),
(497, 'CANTON EL TABLON, TENANCINGO', 'CASERIO IRIOMA ABAJO', NULL, 2),
(498, 'CANTON SAN MARTIN, MONTE SAN JUAN', 'CALLE A CASERIO IRIOMA', NULL, 2),
(499, 'CANTON EL TABLON, TENANCINGO', 'CASERIO IRIOMA, LA CEIBA', NULL, 2),
(500, 'CANTON SAN MARTIN, MONTE SAN JUAN', 'CASERIO EL CALVARIO', NULL, 2),
(501, 'CANTON SAN ANDRES, MONTE SAN JUAN', 'LA ESCUELA', NULL, 6),
(502, 'CANTON SAN ANDRES, MONTE SAN JUAN', 'LA CANCHA', NULL, 6),
(503, 'CANTON CONCEPCION, MONTE SAN JUAN', 'CASERIO SECTOR I, DESVIO A CTON SN JOSE', NULL, 7),
(504, 'CANTON SOLEDAD, CASERIO EL CALVARIO, MONTE SAN JUAN', 'LA META', NULL, 8),
(505, 'CANTON SAN ANDRES, MONTE SAN  JUAN', 'EL CEMENTERIO', NULL, 6),
(506, 'CANTON SOLEDAD, CASERIO LA COMUNAL, MONTE SAN JUAN', 'POR LA COLONIA', NULL, 8),
(507, 'CANTON EL CARMEN, CASERIO LOS NARANJOS, MONTE SAN JUAN', 'POR LA CALLE VIEJA', NULL, 5),
(508, 'CANTON SAN ANDRES, MONTE SAN JUAN', 'LA ESCUELA CALLE A EL OJO DE AGUA', NULL, 6),
(509, 'CANTON SOLEDAD, CASERIO LAS HUERTAS, MONTE SAN JUAN', 'LAS HUERTAS', NULL, 8),
(510, 'CANTON  SAN ANTONIO, MONTE SAN JUAN', 'LA ERMITA', NULL, 3),
(511, 'CANTON SOLEDAD, CASERIO LAS HUERTAS, MONTE SAN JUAN', 'LAS HUERTAS', NULL, 8),
(512, 'CANTON SOLEDAD, CASERIO LAS HUERTAS, MONTE SAN JUAN', 'LAS HUERTAS', NULL, 8),
(513, 'CANTON SAN MARTIN, MONTE SAN JUAN', 'CASERIO EL CALVARIO', NULL, 2),
(514, 'CANTON SAN MARTIN, MONTE SAN JUAN', 'CASERIO EL CALVARIO', NULL, 2),
(515, 'CANTON SAN MARTIN, MONTE SAN JUAN', 'CASERIO EL CALVARIO', NULL, 2),
(516, 'CANTON SAN MARTIN, MONTE SAN JUAN', 'CASERIO EL CALVARIO', NULL, 2),
(517, 'CANTON SAN MARTIN, MONTE SAN JUAN', 'CASERIO EL CALVARIO', NULL, 2),
(518, 'CANTON SAN MARTIN, MONTE SAN JUAN', 'CASERIO LA PEÃ‘ONA', NULL, 2),
(519, 'CANTON SAN MARTIN, MONTE SAN JUAN', 'LA PENONA', NULL, 2),
(520, 'CANTON SAN MARTIN, MONTE SAN JUAN', 'CASERIO LA PEÃ‘ONA', NULL, 2),
(521, 'CANTON SAN MARTIN, MONTE SAN JUAN', 'CASERIO EL CALVARIO', NULL, 2),
(522, 'CANTON SAN MARTIN, MONTE SAN JUAN', 'CASERIO EL CALVARIO', NULL, 2),
(523, 'CANTON SAN MARTIN, MONTE SAN JUAN', 'CASERIO EL CALVARIO', NULL, 2),
(524, 'CANTON SAN MARTIN, MONTE SAN JUAN', 'CASERIO LA PEÃ‘ONA', NULL, 2),
(525, 'CANTON SAN MARTIN, MONTE SAN JUAN', 'CASERIO LA PEÃ‘ONA', NULL, 2),
(526, 'CANTON SAN MARTIN, MONTE SAN JUAN', 'CASERIO LA PEÃ‘ONA', NULL, 2),
(527, 'CANTON SAN MARTIN, MONTE SAN JUAN', 'CASERIO LA PEÃ‘ONA ABAJO', NULL, 2),
(528, 'CANTON SAN MARTIN, MONTE SAN JUAN', 'CASERIO LA PEÃ‘ONA ABAJO', NULL, 2),
(529, 'CANTON SAN MARTIN, MONTE SAN JUAN', 'CALLE A CASERIO IRIOMA', NULL, 2),
(530, 'CANTON SAN MARTIN, MONTE SAN JUAN', 'CALLE A CASERIO IRIOMA', NULL, 2),
(531, 'CANTON SAN MARTIN, MONTE SAN JUAN', 'CALLE A CASERIO IRIOMA', NULL, 2),
(532, 'CANTON SAN MARTIN, MONTE SAN JUAN', 'CASERIO EL TAMARINDO', NULL, 2),
(533, 'CANTON SAN MARTIN, MONTE SAN JUAN', 'CALLE A CASERIO IRIOMA', NULL, 2),
(534, 'CANTON SAN MARTIN, MONTE SAN JUAN', 'CALLE A CASERIO IRIOMA', NULL, 2),
(535, 'CANTON SAN MARTIN, MONTE SAN JUAN', 'CALLE A CASERIO IRIOMA', NULL, 2),
(536, 'CANTON SAN MARTIN, MONTE SAN JUAN', 'CALLE A CASERIO IRIOMA', NULL, 2),
(537, 'CANTON SAN MARTIN, MONTE SAN JUAN', 'CALLE A CASERIO IRIOMA', NULL, 2),
(538, 'CANTON SAN MARTIN, MONTE SAN JUAN', 'CALLE A CASERIO IRIOMA', NULL, 2),
(539, 'CANTON SOLEDAD, CASERIO EL CALVARIO, MONTE SAN JUAN', 'LA META', NULL, 8),
(540, 'CANTON SAN MARTIN, MONTE SAN JUAN', 'CALLE A CASERIO IRIOMA', NULL, 2),
(541, 'CANTON SAN MARTIN, MONTE SAN JUAN', 'ARRIBA DE LA ERMITA, LIMITE DE CTON CONCEPCION', NULL, 2),
(542, 'CANTON SAN MARTIN, MONTE SAN JUAN', 'CALLE A CASERIO IRIOMA', NULL, 2),
(543, 'CANTON SAN MARTIN, MONTE SAN JUAN', 'CALLE A CASERIO IRIOMA', NULL, 2),
(544, 'CANTON SAN MARTIN, MONTE SAN JUAN', 'CALLE A CASERIO IRIOMA', NULL, 2),
(545, 'CANTON SAN MARTIN, MONTE SAN JUAN', 'CALLE A CASERIO IRIOMA', NULL, 2),
(546, 'CANTON SAN MARTIN, MONTE SAN JUAN', 'CASERIO LA PEÃ‘ONA ABAJO', NULL, 2),
(547, 'CANTON SAN MARTIN, MONTE SAN JUAN', 'CASERIO EL TAMARINDO', NULL, 2),
(548, 'CANTON SAN MARTIN, MONTE SAN JUAN', 'CASERIO LA ERMITA', NULL, 2),
(549, 'CANTON SAN MARTIN, MONTE SAN JUAN', 'CASERIO LA ERMITA ARRIBA', NULL, 2),
(550, 'CANTON SAN MARTIN, MONTE SAN JUAN', 'CASERIO EL CALVARIO', NULL, 2),
(551, 'CANTON SAN MARTIN, MONTE SAN JUAN', 'CASERIO EL CALVARIO', NULL, 2),
(552, 'CANTON SAN MARTIN, MONTE SAN JUAN', 'CASERIO EL TAMARINDO', NULL, 2),
(553, 'CANTON SAN MARTIN, MONTE SAN JUAN', 'CASERIO EL CALVARIO', NULL, 2),
(554, 'CANTON SOLEDAD, CASERIO LA ERMITA, MONTE SAN JUAN', 'FTE. A IGLESIA CATOLICA', NULL, 8),
(555, 'CANTON SAN MARTIN, MONTE SAN JUAN', 'CASERIO EL TAMARINDO', NULL, 2),
(556, 'CANTON SAN MARTIN, MONTE SAN JUAN', 'CASERIO EL TAMARINDO', NULL, 2),
(557, 'CANTON SAN MARTIN, MONTE SAN JUAN', 'CASERIO EL TAMARINDO', NULL, 2),
(558, 'CANTON SAN MARTIN, MONTE SAN JUAN', 'CASERIO LA ERMITA ARRIBA', NULL, 2),
(559, 'CANTON SAN MARTIN, MONTE SAN JUAN', 'CASERIO EL TAMARINDO', NULL, 2),
(560, 'CANTON EL TABLON, TENANCINGO', 'CASERIO IRIOMA ABAJO', NULL, 2),
(561, 'CANTON SAN MARTIN, MONTE SAN JUAN', 'CASERIO LA ERMITA', NULL, 2),
(562, 'CANTON SAN MARTIN, MONTE SAN JUAN', 'CASERIO LA ERMITA', NULL, 2),
(563, 'CANTON SAN MARTIN, MONTE SAN JUAN', 'CASERIO LA ERMITA', NULL, 2),
(564, 'CANTON SAN MARTIN, MONTE SAN JUAN', 'CASERIO LA ERMITA ARRIBA', NULL, 2),
(565, 'CANTON SAN MARTIN, MONTE SAN JUAN', 'CASERIO LA ERMITA', NULL, 2),
(566, 'CANTON SAN MARTIN, MONTE SAN JUAN', 'CASERIO LA ERMITA', NULL, 2),
(567, 'CANTON SAN MARTIN, MONTE SAN JUAN', 'CASERIO LA ERMITA', NULL, 2),
(568, 'CANTON SAN MARTIN, MONTE SAN JUAN', 'CASERIO LA ERMITA', NULL, 2),
(569, 'CANTON SAN MARTIN, MONTE SAN JUAN', 'CASERIO LA ERMITA ARRIBA', NULL, 2),
(570, 'CANTON SAN JOSE, MONTE SAN JUAN', 'CASERIO LOS PAREDES', NULL, 4),
(571, 'CANTON SAN ANDRES, CASERIO EL CAULOTE, MONTE SAN JUAN', 'CAMINO A CANTON EL CARMEN', NULL, 6),
(572, 'CANTON SAN ANTONIO, CASERIO LA ESCUELA, MONTE SAN JUAN', 'LA ERMITA', NULL, 3),
(573, 'CANTON SAN ANDRES, CASERIO EL CAULOTE, MONTE SAN JUAN', 'LOS MARROQUINES', NULL, 6),
(574, 'CANTON SOLEDAD, CASERIO LOS CHAVEZ, MONTE SAN JUAN', 'LIMITE DE CTON EL CARMEN', NULL, 8),
(575, 'CANTON EL CARMEN, CALLE PPAL. , MONTE SAN JUAN', 'CASERIO LOS BELTRANES', NULL, 5),
(576, 'CANTON SOLEDAD, CASERIO LA ERMITA, MONTE SAN JUAN', 'FTE. A IGLESIA CATOLICA', NULL, 8),
(577, 'CANTON SOLEDAD, CASERIO EL CALVARIO, MONTE SAN JUAN', 'CALLE PPAL.  LA CANCHA', NULL, 8),
(578, 'CANTON SOLEDAD, CASERIO LOS CHAVEZ, MONTE SAN JUAN', 'LA CALLE VIEJA', NULL, 8),
(579, 'CANTON SAN ANDRES, MONTE SAN JUAN', 'CASERIO EL CALVARIO', NULL, 6),
(580, 'CANTON SOLEDAD, CASERIO LA COMUNAL, MONTE SAN JUAN', 'POR LA COLONIA', NULL, 8),
(581, 'CANTON SOLEDAD, CASERIO LA ESCUELA, MONTE SAN JUAN', 'EL TAMARINDO', NULL, 8),
(582, 'CANTON SAN ANDRES, CASERIO EL CAULOTE, MONTE SAN JUAN', 'LOS MARROQUINES', NULL, 6),
(583, 'CANTON SAN ANDRES, CALLE PPAL, MONTE SAN JUAN', 'LA COMUNAL', NULL, 6),
(584, 'CANTON EL ROSARIO, CASERIO LA PRADERA, MONTE SAN JUAN', 'LA PRADERA', NULL, 1),
(585, 'CANTON EL CARMEN, CASERIO LOS NARANJOS, MONTE SAN JUAN', 'POR LA CANCHA', NULL, 5),
(586, 'CANTON EL CARMEN, CASERIO LOS NARANJOS, MONTE SAN JUAN', 'POR EL MOLINO', NULL, 5),
(587, 'CANTON SAN ANTONIO, MONTE SAN JUAN', 'EL ACEITUNO', NULL, 3),
(588, 'CANTON SOLEDAD, CASERIO EL CALVARIO, MONTE SAN JUAN', 'POR EL CALVARIO', NULL, 8),
(589, 'CANTON SAN MARTIN, MONTE SAN JUAN', 'EL TAMARINDO', NULL, 2),
(590, 'CANTON SAN MARTIN, MONTE SAN JUAN', 'CALLE A CASERIO IRIOMA', NULL, 2),
(591, 'CANTON SAN MARTIN, MONTE SAN JUAN', 'CALLE A CASERIO IRIOMA', NULL, 2),
(592, 'CANTON SAN MARTIN, MONTE SAN JUAN', 'CALLE A CASERIO IRIOMA', NULL, 2),
(593, 'CANTON SAN MARTIN, MONTE SAN JUAN', 'CALLE A CASERIO IRIOMA', NULL, 2),
(594, 'CANTON SAN MARTIN, MONTE SAN JUAN', 'CASERIO EL TAMARINDO', NULL, 2),
(595, 'CASERIO IRIOMA, TENANCINGO', 'CASERIO IRIOMA', NULL, 2),
(596, 'CANTON SAN MARTIN, MONTE SAN JUAN', 'CASERIO LA ERMITA', NULL, 2),
(597, 'CANTON SAN MARTIN, MONTE SAN JUAN', 'CASERIO EL CALVARIO', NULL, 2),
(598, 'CANTON SAN MARTIN, MONTE SAN JUAN', 'CALLE A CASERIO IRIOMA', NULL, 2),
(599, 'CANTON CONCEPCION, MONTE SAN JUAN', 'CASERIO SECTOR I, DESVIO A CTON SN JOSE', NULL, 7),
(600, 'CANTON SAN JOSE, MONTE SAN JUAN', 'CASERIO EL COPINOL', NULL, 4),
(601, 'CANTON CONCEPCION, MONTE SAN JUAN', 'CASERIO SECTOR I', NULL, 7),
(602, 'CANTON EL CARMEN, CASERIO EL CHILINDRON, MONTE SAN JUAN', 'CALLE A CTON SOLEDAD', NULL, 5),
(603, 'CANTON SOLEDAD, CASERIO LAS HUERTAS, MONTE SAN JUAN', 'ENTRADA A LAS HUERTAS', NULL, 8),
(604, 'CANTON CONCEPCION, MONTE SAN JUAN', 'CASERIO SECTOR I, DESVIO A CTON SN JOSE', NULL, 7),
(605, 'CANTON SOLEDAD, CASERIO LA COMUNAL, MONTE SAN JUAN', 'LOS JUAREZ', NULL, 8),
(606, 'CANTON SOLEDAD, CASERIO LA COMUNAL, MONTE SAN JUAN', 'POR LA COLONIA', NULL, 8),
(607, 'CANTON SAN JOSE, MONTE SAN JUAN', 'CASERIO EL COPINOL', NULL, 4),
(608, 'CANTON SOLEDAD, CASERIO LA ERMITA, MONTE SAN JUAN', 'POR LA ERMITA', NULL, 8),
(609, 'CANTON SAN ANTONIO, MONTE SAN JUAN', 'EL PASITO', NULL, 3),
(610, 'CANTON SOLEDAD, CASERIO LAS HUERTAS, MONTE SAN JUAN', 'POR LA CANCHA', NULL, 8),
(611, 'CANTON SOLEDAD, CASERIO LAS HUERTAS, MONTE SAN JUAN', 'LAS HUERTAS', NULL, 8),
(612, 'CANTON SAN MARTIN, MONTE SAN JUAN', 'CASERIO LA CANCHA ARRIBA', NULL, 2),
(613, 'CANTON CONCEPCION, MONTE SAN JUAN', 'CASERIO SECTOR I', NULL, 7),
(614, 'CANTON SOLEDAD, CASERIO LA COMUNAL, MONTE SAN JUAN', 'POR LA COLONIA', NULL, 8),
(615, 'CANTON SOLEDAD, CASERIO LA ERMITA, MONTE SAN JUAN', 'POR LA ERMITA', NULL, 8),
(616, 'CANTON SOLEDAD, CASERIO LA ERMITA, MONTE SAN JUAN', 'POR LA CLINICA', NULL, 8),
(617, 'CANTON SAN ANDRES, MONTE SAN JUAN', 'EL CEMENTERIO', NULL, 6),
(618, 'CANTON SOLEDAD, CASERIO LA ERMITA, MONTE SAN JUAN', 'POR LA ERMITA', NULL, 8),
(619, 'CANTON SAN ANTONIO, MONTE SAN JUAN', 'EL ACEITUINO', NULL, 3),
(620, 'CANTON SAN ADRES, MONTE SAN JUAN', 'EL CEMENTERIO', NULL, 6),
(621, 'CANTON SOLEDAD, CASERIO LA ESCUELA, MONTE SAN JUAN', 'EL TAMARINDO', NULL, 8),
(622, 'CANTON EL CARMEN, CASERIO LOS NARANJOS, MONTE SAN JUAN', 'LOS TALPETATES', NULL, 5),
(623, 'CANTON EL ROSARIO, CASERIO LA PRADERA, MONTE SAN JUAN', 'LA PRADERA', NULL, 1),
(624, 'CANTON SAN ANTONIO, MONTE SAN JUAN', 'EL ACEITUNO', NULL, 3);
INSERT INTO `medidores` (`idMedidores`, `ruta`, `referencia`, `idPersona`, `idCanton`) VALUES
(625, 'CANTON SAN MARTIN, MONTE SAN JUAN', 'CALLE A CASERIO IRIOMA', NULL, 2),
(626, 'CANTON EL CARMEN, CASERIO EL CHILINDRON, MONTE SAN JUAN', 'CALLE A CTON SOLEDAD', NULL, 5),
(627, 'CANTON SAN ANTONIO, MONTE SAN JUAN', 'EL PASITO', NULL, 3),
(628, 'CANTON SAN ANDRES, MONTE SAN JUAN,CASERIO MONTE LAS PILAS', 'LOS HERNANDEZ', NULL, 6),
(629, 'CANTON SOLEDAD, CASERIO EL LIMONCILLO, MONTE SAN JUAN', 'POR IGLESIA EVANGELICA', NULL, 8),
(630, 'CANTON SAN JOSE, MONTE SAN JUAN', 'CASERIO EL COPINOL', NULL, 4),
(631, 'CANTON SOLEDAD, CASERIO EL CALVARIO, MONTE SAN JUAN', 'EL CALVARIO', NULL, 8),
(632, 'CANTON SOLEDAD, CASERIO LA ERMITA, MONTE SAN JUAN', 'EL MOLINO', NULL, 8),
(633, 'CANTON SAN ANTONIO, MONTE SAN JUAN', 'LA ERMITA', NULL, 3),
(634, 'CANTON EL ROSARIO, CASERIO LA PRADERA', 'LA PRADERA', NULL, 1),
(635, 'CANTON SOLEDAD, CASERIO EL CALVARIO, MONTE SAN JUAN', 'POR EL CALVARIO', NULL, 8),
(636, 'CANTON SAN ANDRES, MONTE SAN JUAN', 'EL CEMENTERIO', NULL, 6),
(637, 'CANTON SAN MARTIN, MONTE SAN JUAN', 'CASERIO LA ERMITA', NULL, 2),
(638, 'CANTON SAN ANDRES, CASERIO EL CAULOTE, MONTE SAN JUAN', 'LOS MARROQUINES', NULL, 6),
(639, 'CANTON SAN ANTONIO,MONTE SAN JUAN', 'LA ERMITA', NULL, 3),
(640, 'CANTON SOLEDAD, CASERIO EL LIMONCILLO, MONTE SAN JUAN', 'CALLE AL CHILINDRON', NULL, 8),
(641, 'CANTON SAN ANDRES, MONTE SAN JUAN', 'LOS VALLE', NULL, 6),
(642, 'CANTON CONCEPCION, MONTE SAN JUAN', 'CASERIO SECTOR I', NULL, 7),
(643, 'CANTON SAN MARTIN, MONTE SAN JUAN', 'CASERIO LA ERMITA', NULL, 2),
(644, 'CANTON EL ROSARIO, CASERIO EL AMATE, MONTE SAN JUAN.', 'EL AMATE', NULL, 1),
(645, 'CANTON EL ROSARIO, CASERIO EL AMATE, MONTE SAN JUAN.', 'EL AMATE', NULL, 1),
(646, 'CANTON EL CARMEN, CALLE PPAL. CASERIO LA ERMITA , MONTE SAN JUAN', 'CASERIO LOS BELTRANES', NULL, 5),
(647, 'CANTON SAN ANDRES, MONTE SAN JUAN', 'EL CEMENTERIO', NULL, 6),
(648, 'CANTON SAN ANDRES, MONTE SAN JUAN', 'LA ESCUELA', NULL, 6),
(649, 'CANTON SAN ANTONIO, MONTE SAN JUAN', 'EL PASITO', NULL, 3),
(650, 'CANTON SAN ANTONIO,  MONTE SAN JUAN', 'EL CALVARIO', NULL, 3),
(651, 'CANTON SAN ANDRES, CALLE PPAL, MONTE SAN JUAN', 'EL GANCHO DE CALLE', NULL, 6),
(652, 'CANTON EL CARMEN, CALLE PPAL. , MONTE SAN JUAN', 'CASERIO LOS BELTRANES', NULL, 5),
(653, 'CANTON SOLEDAD, CASERIO LA ERMITA, MONTE SAN JUAN', 'LOS JUAREZ', NULL, 8),
(654, 'CANTON SOLEDAD, CASERIO LA COMUNAL, MONTE SAN JUAN', 'POR LA COLONIA', NULL, 8),
(655, 'CANTON SOLEDAD, CASERIO LA ERMITA, MONTE SAN JUAN', 'LA CEIBA', NULL, 8),
(656, 'CANTON SAN JOSE, MONTE SAN JUAN', 'CALLE PPAL. CASERIO LA ERMITA', NULL, 4),
(657, 'ANTON SAN ANDRES, MONTE SAN JUAN', 'EL CEMENTERIO', NULL, 6),
(658, 'CANTON SAN ANDRES, MONTE SAN JUAN', 'EL CEMENTERIO', NULL, 6),
(659, 'CANTON SAN ANDRES,MONTE SAN JUAN', 'EL CEMENTERIO', NULL, 6),
(660, 'CANTON SAN ANDRES, MONTE SAN JUAN', 'LA ESCUELA', NULL, 6),
(661, 'CANTON SOLEDAD, CASERIO LA ERMITA, MONTE SAN JUAN', 'LA CEIBA', NULL, 8),
(662, 'CANTON EL CARMEN, CASERIO EL CHILINDRON, MONTE SAN JUAN', 'CALLE A CTON SOLEDAD', NULL, 5),
(663, 'CANTON SAN ANDRES, CALLE PPAL, MONTE SAN JUAN', 'EL GANCHO DE CALLE', NULL, 6),
(664, 'CANTON SOLEDAD, CASERIO EL CALVARIO, MONTE SAN JUAN', 'LA META', NULL, 8),
(665, 'CANTON SAN ANTONIO, MONTE SAN JUAN', 'LA ERMITA', NULL, 3),
(666, 'CANTON SOLEDAD, CASERIO EL CALVARIO, MONTE SAN JUAN', 'LA META', NULL, 8),
(667, 'CANTON SAN ANTONIO, MONTE SAN JUAN', 'LA ERMITA', NULL, 3),
(668, 'CANTON SAN ANDRES, MONTE SAN JUAN', 'LA ESCUELA SECTOR 2', NULL, 6),
(669, 'CANTON SOLEDAD, CASERIO LA ESCUELA, MONTE SAN JUAN', 'EL TAMARINDO', NULL, 8),
(670, 'CANTON SOLEDAD, CASERIO LA ESCUELA, MONTE SAN JUAN', 'EL TAMARINDO', NULL, 8),
(671, 'CANTON EL CARMEN, CALLE PPAL. , MONTE SAN JUAN', 'CASERIO LOS BELTRANES', NULL, 5),
(672, 'CANTON SAN ANDRES, MONTE SAN JUAN', 'EL CEMENTERIO', NULL, 6),
(673, 'CANTON SAN ANTONIO, MONTE SAN JUAN', 'LA ESCUELA', NULL, 3),
(674, 'CANTON SAN ANTONIO, MONTE SAN JUAN', 'EL ACEITUNO', NULL, 3),
(675, 'CANTON SOLEDAD, CASERIO LAS HUERTAS, MONTE SAN JUAN', 'LAS HUERTAS', NULL, 8),
(676, 'CANTON EL ROSARIO, CASERIO EL MOLINO, MONTE SAN JUAN', 'EL MOLINO', NULL, 1),
(677, 'CANTON SAN ANTONIO', 'LA ERMITA', NULL, 3),
(678, 'CANTON SAN ANDRES, MONTE SAN JUAN', 'EL CEMENTERIO', NULL, 6),
(679, 'CANTON CONCEPCION, MONTE SAN JUAN', 'CASERIO SECTOR I', NULL, 7),
(680, 'CANTON EL ROSARIO, CASERIO LA COMUNAL, MONTE SAN JUAN', 'CASERIO LA COMUNAL ABAJO', NULL, 1),
(681, 'CANTON SOLEDAD, CASERIO EL LIMONCILLO, MONTE SAN JUAN', 'CALLE PRINCIPAL, EL CHALET', NULL, 8),
(682, 'CANTON SOLEDAD, CASERIO LAS HUERTAS, MONTE SAN JUAN', 'LAS HUERTAS', NULL, 8),
(683, 'CANTON SOLEDAD, CASERIO LA ESCUELA, MONTE SAN JUAN', 'EL LIMONCILLO', NULL, 8),
(684, 'CANTON SOLEDAD, CASERIO EL LIMONCILLO, MONTE SAN JUAN', 'CALLE AL CHILINDRON', NULL, 8),
(685, 'CANTON SAN ANDRES, CALLE PPAL, MONTE SAN JUAN', 'EL GANCHO DE CALLE', NULL, 6),
(686, 'CANTON EL CARMEN, CASERIO LA ERMITA, MONTE SAN JUAN', 'CALLE A  RIO TIZAPA', NULL, 5),
(687, 'CANTON CONCEPCION, MONTE SAN JUAN', 'CASERIO SECTOR I, EL CALVARIO', NULL, 7),
(688, 'CANTON SOLEDAD, CASERIO LAS HUERTAS, MONTE SAN JUAN', 'LAS HUERTAS', NULL, 8),
(689, 'CANTON OJO DE AGUA, COJUTEPEQUE', 'LAS TORRES', NULL, 6),
(690, 'CANTON SOLEDAD, CASERIO EL CALVARIO, MONTE SAN JUAN', 'POR EL CALVARIO', NULL, 8),
(691, 'CANTON EL CARMEN, CASERIO EL CHILINDRON, MONTE SAN JUAN', 'EL LIMON', NULL, 5),
(692, 'CANTON SAN ANDRES, MONTE SAN JUAN', 'SEPTOR 2 CALLE A EL OJO DE AGUA', NULL, 6),
(693, 'CANTON SAN ANTONIO, MONTE SAN JUAN', 'LA ERM ITA', NULL, 3),
(694, 'CANTON SAN ANDRES, MONTE SAN JUAN', 'EL PASITO', NULL, 6),
(695, 'CANTON SAN ANDRES, MONTE SAN JUAN', 'LA ESCUELA', NULL, 6),
(696, 'CANTON SAN ANTONIO, MONTE SAN JUAN', 'LA ERMITA', NULL, 3),
(697, 'CANTON OJO DE AGUA, COJUTEPEQUE', 'LAS TORRES', NULL, 6),
(698, 'CANTON EL CARMEN, CASERIO LOS NARANJOS, MONTE SAN JUAN', 'POR LA CALLE VIEJA', NULL, 5),
(699, 'CANTON OJO DE AGUA, COJUTEPEQUE', 'LAS TORRES', NULL, 6),
(700, 'CANTON SAN ANDRES, MONTE SAN JUAN', 'EL CEMENTERIO', NULL, 6),
(701, 'CANTON SOLEDAD, CASERIO EL CALVARIO, MONTE SAN JUAN', 'LA META', NULL, 8),
(702, 'CANTON SOLEDAD, CASERIO EL CALVARIO, MONTE SAN JUAN', 'CALLE PPAL.', NULL, 8),
(703, 'CANTON SOLEDAD, CASERIO LA ESCUELA, MONTE SAN JUAN', 'EL PITO', NULL, 8),
(704, 'CANTON SAN ANTONIO, MONTE SAN JUAN', 'EL ACEITUNO', NULL, 3),
(705, 'CANTON SAN MARTIN, MONTE SAN JUAN', 'CASERIO LA ERMITA', NULL, 2),
(706, 'CANTON SOLEDAD, CASERIO LA COMUNAL, MONTE SAN JUAN', 'LA COLONIA', NULL, 8),
(707, 'CANTON SAN MARTIN, MONTE SAN JUAN', 'CALLE A CASERIO IRIOMA', NULL, 2),
(708, 'CANTON SAN ANDRES, MONTE SAN JUAN', 'CASERIO MONTE LAS PILAS', NULL, 6),
(709, 'CANTON SOLEDAD, CASERIO LA COMUNAL, MONTE SAN JUAN', 'POR LA COLONIA', NULL, 8),
(710, 'CANTON SAN JOSE, MONTE SAN JUAN', 'CASERIO EL COPINOL', NULL, 4),
(711, 'CANTON SAN ANDRES, MONTE SAN JUAN', 'EL CEMENTERIO', NULL, 6),
(712, 'CANTON SAN ANTONIO, MONTE SAN JUAN', 'EL PASITO', NULL, 3),
(713, 'CANTON SOLEDAD, CASERIO LAS HUERTAS, MONTE SAN JUAN', 'LAS HUERTAS', NULL, 8),
(714, 'CANTON SAN ANDRES, CASERIO MONTE LAS PILAS, MONTE SAN JUAN', 'POR LA IGLESIA CATOLICA', NULL, 6),
(715, 'CANTON EL CARMEN, CASERIO EL CHILINDRON, MONTE SAN JUAN', 'CALLE A CTON SOLEDAD', NULL, 5),
(716, 'CANTON EL CARMEN, CASERIO LA ERMITA, MONTE SAN JUAN', 'CALLE A  RIO TIZAPA', NULL, 5),
(717, 'CANTON EL ROSARIO, CASERIO EL AMATE, MONTE SAN JUAN.', 'EL AMATE', NULL, 1),
(718, 'CANTON SAN JOSE, MONTE SAN JUAN', 'CASERIO LA HERMITA', NULL, 4),
(719, 'CANTON EL ROSARIO, CASERIO EL MOLINO', 'EL MOLINO', NULL, 1),
(720, 'CANTON EL ROSARIO, CASERIO EL MOLINO', 'EL MOLINO', NULL, 1),
(721, 'CANTON SAN JOSE, MONTE SAN JUAN', 'CASERIO EL COPINOL,CALLE PPAL.', NULL, 4),
(722, 'CANTON SAN ANDRES, CASERIO MONTE LAS PILAS, MONTE SAN JUAN', 'CALLE PRINCIPAL', NULL, 6),
(723, 'CANTON SAN JOSE, MONTE SAN JUAN', 'CASERIO LA ERMITA, LA COMUNAL', NULL, 4),
(724, 'CANTON SAN ANDRES, MONTE SAN JUAN', 'CASERIO MONTE LAS PILAS', NULL, 6),
(725, 'CANTON EL CARMEN, CASERIO EL CHILINDRON, MONTE SAN JUAN', 'CALLE A CTON SAN ANDRES, EL PASITO', NULL, 5),
(726, 'CANTON EL CARMEN, CASERIO EL CHILINDRON, MONTE SAN JUAN', 'CALLE A CTON SOLEDAD', NULL, 5),
(727, 'CANTON EL CARMEN, CASERIO EL CHILINDRON, MONTE SAN JUAN', 'EL LIMON', NULL, 5),
(728, 'CANTON SAN JOSE, MONTE SAN JUAN', 'CASERIO EL COPINOL,CALLE PPAL.', NULL, 4),
(729, 'CANTON EL CARMEN, CALLE PPAL.  , MONTE SAN JUAN', 'CASERIO LA ERMITA', NULL, 5),
(730, 'CANTON SOLEDAD, CASERIO LA ERMITA, MONTE SAN JUAN', 'POR LA CLINICA', NULL, 8),
(731, 'CANTON SOLEDAD, CASERIO LAS HUERTAS, MONTE SAN JUAN', 'LAS HUERTAS', NULL, 8),
(732, 'CANTON SAN ANTONIO,MONTE SAN JUAN', 'EL ACEITUNO', NULL, 3),
(733, 'CANTON SAN ANTONIO,MONTE SAN JUAN', 'EL PASITO', NULL, 3),
(734, 'CANTON SOLEDAD, CASERIO EL CALVARIO, MONTE SAN JUAN', 'LA META', NULL, 8),
(735, 'CANTON SAN ANDRES, MONTE SAN JUAN', 'SEPTOR 2 CALLE A EL OJO DE AGUA', NULL, 6),
(736, 'CANTON EL ROSARIO, CASERIO LA  PREDERA', 'LA PRADERA', NULL, 1),
(737, 'CANTON SAN ANTONIO, MONTE SAN JUAN', 'EL PASITO', NULL, 3),
(738, 'CANTON SOLEDAD, CASERIO EL CALVARIO, MONTE SAN JUAN', 'POR LA CANCHA', NULL, 8),
(739, 'CANTON SAN ANDRES, MONTE SAN JUAN', 'CASERIO MONTE LAS PILAS', NULL, 6),
(740, 'CANTON SOLEDAD, CASERIO LA ERMITA, MONTE SAN JUAN', 'POR LA CLINICA', NULL, 8),
(741, 'CANTON SOLEDAD, CASERIO EL CALVARIO, MONTE SAN JUAN', 'POR IGLESIA EVANGELICA', NULL, 8),
(742, 'CANTON SAN ANDRES, MONTE SAN JUAN', 'EL CEMENTERIO', NULL, 6),
(743, 'CANTON SAN ANDRES, CASERIO EL CAULOTE, MONTE SAN JUAN', 'LOS MARROQUINES', NULL, 6),
(744, 'CANTON SAN ANDRES, MONTE SAN JUAN', 'EL CEMENTERIO', NULL, 6),
(745, 'CANTON SAN MARTIN, MONTE SAN JUAN', 'CASERIO LA PEÃ‘ONA ABAJO', NULL, 2),
(746, 'CANTON SOLEDAD, CASERIO LA ERMITA, MONTE SAN JUAN', 'LOS JUAREZ', NULL, 8),
(747, 'CANTON EL CARMEN, CASERIO EL CHILINDRON, MONTE SAN JUAN', 'EL LIMON', NULL, 5),
(748, 'CANTON SAN ANDRES, CASERIO EL CAULOTE, MONTE SAN JUAN', 'CALLE PRINCIPAL', NULL, 6),
(749, 'CANTON CONCEPCION, MONTE SAN JUAN', 'CASERIO SECTOR I, DESVIO A CTON SN JOSE', NULL, 7),
(750, 'CANTON EL CARMEN, CASERIO LOS NARANJOS, MONTE SAN JUAN', 'CALLE PRINCIPAL', NULL, 5),
(751, 'CANTON SAN JOSE, MONTE SAN JUAN', 'CASERIO EL COPINOL', NULL, 4),
(752, 'CANTON SAN ANDRES, MONTE SAN JUAN', 'EL CEMENTERIO', NULL, 6),
(753, 'CANTON EL CARMEN, CALLE PPAL. , MONTE SAN JUAN', 'CASERIO LOS BELTRANES', NULL, 5),
(754, 'CANTON SOLEDAD, CASERIO LAS HUERTAS, MONTE SAN JUAN', 'POR LA CANCHA', NULL, 8),
(755, 'CANTON SAN JOSE, MONTE SAN JUAN', 'CASERIO EL COPINOL', NULL, 4),
(756, 'CANTON SAN MARTIN, MONTE SAN JUAN', 'CASERIO LA ERMITA ARRIBA', NULL, 2),
(757, 'CANTON SAN AN TONIO, MONTE SAN JUAN', 'LA ERMITA', NULL, 3),
(758, 'CANTON SAN JOSE, MONTE SAN JUAN', 'CALLE  REDONDEL EL COPINOL', NULL, 4),
(759, 'CANTON SAN JOSE, MONTE SAN JUAN', 'CALLE REDONDEL EL COPINOL', NULL, 4),
(760, 'CANTON EL ROSARIO, CASERIO EL MOLINO, MONTE SAN JUAN', 'LA ERMITA', NULL, 1),
(761, 'CANTON SAN JOSE, MONTE SAN JUAN', 'CAMINO AL TANQUE', NULL, 4),
(762, 'CANTON SAN MARTIN,MONTE SAN JUAN', 'ARRIBA DE LA ERMITA, LIMITE DE CTON CONCEPCION', NULL, 2),
(763, 'CANTON SAN ANDRES, MONTE SAN JUAN', 'EL CEMENTERIO', NULL, 6),
(764, 'CANTON SAN ANDRES, MONTE SAN JUAN', 'EL CEMENTERIO', NULL, 6),
(765, 'CANTON CONCEPCION, MONTE SAN JUAN', 'CASERIO SECTOR II', NULL, 7),
(766, 'CANTON SAN ANDRES, MONTE SAN JUAN', 'CASERIO MONTE LAS PILAS', NULL, 6),
(767, 'CANTON SAN ANDRES, MONTE SAN JUAN', 'EL CEMENTERIO', NULL, 6),
(768, 'CANTON EL ROSARIO, CASERIO LA PRADERA, MONTE SAN JUAN', 'LA PRADERA', NULL, 1),
(769, 'CANTON SAN ANDRES, MONTE SAN JUAN', 'EL CEMENTERIO', NULL, 6),
(770, 'CANTON EL CARMEN, CALLE PPAL. , MONTE SAN JUAN', 'CASERIO LA ERMITA', NULL, 5),
(771, 'CANTON SAN ANDRES, MONTE SAN JUAN', 'CASERIO MONTE LAS PILAS', NULL, 6),
(772, 'CANTON SOLEDAD, CASERIO LAS HUERTAS, MONTE SAN JUAN', 'LAS HUERTAS', NULL, 8),
(773, 'CANTON CONCEPCION, MONTE SAN JUAN', 'CASERIO SECTOR I, LA CLINICA', NULL, 7),
(774, 'CANTON SOLEDAD, CASERIO LAS HUERTAS, MONTE SAN JUAN', 'LAS HUERTAS', NULL, 8),
(775, 'CANTON EL CARMEN, CASERIO EL CHILINDRON, MONTE SAN JUAN', 'CALLE A CTON SOLEDAD', NULL, 5),
(776, 'CANTON SAN JOSE, MONTE SAN JUAN', 'CASERIO EL COPINOL', NULL, 4),
(777, 'CANTON CONCEPCION, MONTE SAN JUAN', 'CASERIO SECTOR I', NULL, 7),
(778, 'CANTON CONCEPCION, MONTE SAN JUAN', 'CASERIO SECTOR I', NULL, 7),
(779, 'CANTON SAN JOSE, MONTE SAN JUAN', 'CASERIO LA ERMITA, LA COMUNAL', NULL, 4),
(780, 'CANTON CONCEPCION, MONTE SAN JUAN', 'CASERIO SECTOR I', NULL, 7),
(781, 'CANTON SAN ANTONIO, MONTE SAN JUAN', 'EL CALVARIO', NULL, 3),
(782, 'CANTON EL ROSARIO CASERIO EL AMATE', 'EL AMATE', NULL, 1),
(783, 'CANTON SOLEDAD, CASERIO EL LIMONCILLO, MONTE SAN JUAN', 'POR LA CLINICA', NULL, 8),
(784, 'CANTON SOLEDAD, CASERIO LA ESCUELA, MONTE SAN JUAN', 'EL TAMARINDO', NULL, 8),
(785, 'CANTON EL CARMEN, CASERIO EL CHILINDRON, MONTE SAN JUAN', 'CALLE A CTON SOLEDAD', NULL, 5),
(786, 'CANTON CONCEPCION, MONTE SAN JUAN', 'CASERIO SECTOR I', NULL, 7),
(787, 'CANTON CONCEPCION, MONTE SAN JUAN', 'CASERIO SECTOR I', NULL, 7),
(788, 'CANTON SAN MARTIN, MONTE SAN JUAN', 'CASERIO LA ERMITA', NULL, 2),
(789, 'CANTON CONCEPCION, MONTE SAN JUAN', 'CASERIO SECTOR I', NULL, 7),
(790, 'CANTON CONCEPCION, MONTE SAN JUAN', 'CASERIO SECTOR I', NULL, 7),
(791, 'CANTON CONCEPCION, MONTE SAN JUAN', 'CASERIO SECTOR II', NULL, 7),
(792, 'CANTON EL CARMEN, CASERIO LOS NARANJOS, MONTE SAN JUAN', 'POR LA CANCHA', NULL, 5),
(793, 'CANTON CONCEPCION, MONTE SAN JUAN', 'CASERIO SECTOR II', NULL, 7),
(794, 'CANTON EL CARMEN, CASERIO EL CHILINDRON, MONTE SAN JUAN', 'CALLE A CTON SOLEDAD', NULL, 5),
(795, 'CANTON SAN ANDRES, MONTE SAN JUAN', 'EL CEMENTERIO', NULL, 6),
(796, 'CANTON CONCEPCION, MONTE SAN JUAN', 'CASERIO SECTOR II', NULL, 7),
(797, 'CANTON EL ROSARIO, CASERIO EL MOLINO, MONTE SAN JUAN', 'EL MOLINO', NULL, 1),
(798, 'CANTON SAN JOSE, MONTE SAN JUAN', 'CALLE PPAL. CASERIO LA ERMITA', NULL, 4),
(799, 'CANTON EL CARMEN, CASERIO LOS NARANJOS, MONTE SAN JUAN', 'CALLE PRINCIPAL', NULL, 5),
(800, 'CANTON EL ROSARIO, CASERIO EL MOLINO', 'EL MOLINO', NULL, 1),
(801, 'CANTON SAN JOSE, MONTE SAN JUAN', 'CALLE PPAL. DESVIO A CTON. CONCEPCION', NULL, 4),
(802, 'CANTON SOLEDAD, CASERIO LA ERMITA, MONTE SAN JUAN', 'FTE. A IGLESIA CATOLICA', NULL, 8),
(803, 'CANTON SOLEDAD, CASERIO LA ESCUELA, MONTE SAN JUAN', 'LA ESCUELA', NULL, 8),
(804, 'CANTON CONCEPCION, MONTE SAN JUAN', 'CASERIO SECTOR I', NULL, 7),
(805, 'CANTON SAN ANDRES, CALLE PPAL, MONTE SAN JUAN', 'EL GANCHO DE CALLE', NULL, 6),
(806, 'CANTON SOLEDAD, CASERIO LA ERMITA, MONTE SAN JUAN', 'POR LA ERMITA', NULL, 8),
(807, 'CANTON SAN ANTONIO, MONTE SAN JUAN', 'EL PASITO', NULL, 3),
(808, 'CANTON SAN ANDRES,MONTE SAN JUAN', 'EL CEMENTERIO', NULL, 6),
(809, 'CANTON SAN ANDRES, CALLE PPAL, MONTE SAN JUAN', 'EL GANCHO DE CALLE', NULL, 6),
(810, 'CANTON SOLEDAD, CASERIO EL CALVARIO, MONTE SAN JUAN', 'POR LA CANCHA', NULL, 8),
(811, 'CANTON CONCEPCION, MONTE SAN JUAN', 'CASERIO SECTOR I', NULL, 7),
(812, 'CANTON SOLEDAD, CASERIO LA ESCUELA, MONTE SAN JUAN', 'EL LIMONCILLO', NULL, 8),
(813, 'CANTON SOLEDAD, CASERIO LA ERMITA, MONTE SAN JUAN', 'POR LA ERMITA', NULL, 8),
(814, 'CANTON SAN MARTIN, MONTE SAN JUAN', 'CASERIO EL TAMARINDO', NULL, 2),
(815, 'CANTON SAN JOSE, MONTE SAN JUAN', 'CALLE PPAL. A LA ERMITA', NULL, 4),
(816, 'CANTON SAN JOSE, MONTE SAN JUAN', 'CASERIO LOS PAREDES', NULL, 4),
(817, 'CANTON CONCEPCION, MONTE SAN JUAN', 'CASERIO SECTOR I', NULL, 7),
(818, 'CANTON SAN ANDRES, MONTE SAN JUAN', 'EL CEMENTERIO', NULL, 6),
(819, 'CANTON SOLEDAD, CASERIO EL CALVARIO, MONTE SAN JUAN', 'POR IGLESIA EVANGELICA', NULL, 8),
(820, 'CANTON EL CARMEN, CASERIO EL CHILINDRON, MONTE SAN JUAN', 'CALLE A CTON SOLEDAD', NULL, 5),
(821, 'CANTON CONCEPCION, MONTE SAN JUAN', 'CASERIO SECTOR II', NULL, 7),
(822, 'CANTON CONCEPCION, MONTE SAN JUAN', 'CASERIO SECTOR II', NULL, 7),
(823, 'CANTON SAN MARTIN, MONTE SAN JUAN', 'CASERIO EL CALVARIO', NULL, 2),
(824, 'CANTON SOLEDAD, CASERIO LA ESCUELA, MONTE SAN JUAN', 'EL PITO', NULL, 8),
(825, 'CANTON SAN MARTIN, MONTE SAN JUAN', 'CALLE A CASERIO IRIOMA', NULL, 2),
(826, 'CANTON EL ROSARIO,CASERIO EL AMATE,MONTE SAN JUAN.', 'EL AMATE', NULL, 1),
(827, 'CANTON SOLEDAD, CASERIO LAS HUERTAS, MONTE SAN JUAN', 'LAS HUERTAS', NULL, 8),
(828, 'CANTON SOLEDAD, CASERIO EL CALVARIO, MONTE SAN JUAN', 'LA META', NULL, 8),
(829, 'CANTON SOLEDAD, CASERIO LA ESCUELA, MONTE SAN JUAN', 'LA ESCUELA', NULL, 8),
(830, 'CANTON SAN ANDRES, EL PASITO, MONTE SAN JUAN', 'LA CANCHA', NULL, 6),
(831, 'CANTON SAN ANDRES, CALLE PPAL, MONTE SAN JUAN', 'EL GANCHO DE CALLE', NULL, 6),
(832, 'CANTON CONCEPCION, MONTE SAN JUAN', 'CASERIO SECTOR I, DESVIO A CTON SN JOSE', NULL, 7),
(833, 'CANTON SOLEDAD, CASERIO EL CALVARIO, MONTE SAN JUAN', 'LA META', NULL, 8),
(834, 'CANTON SOLEDAD, CASERIO LAS HUERTAS, MONTE SAN JUAN', 'POR LA CANCHA', NULL, 8),
(835, 'CANTON CONCEPCION, MONTE SAN JUAN', 'CASERIO SECTOR I', NULL, 7),
(836, 'CANTON SOLEDAD, CASERIO LAS HUERTAS, MONTE SAN JUAN', 'LAS HUERTAS', NULL, 8),
(837, 'CANTON SOLEDAD, CASERIO LA COMUNAL, MONTE SAN JUAN', 'IGLESIA EVANGELICA', NULL, 8),
(838, 'CANTON SAN MARTIN, MONTE SAN JUAN', 'CASERIO EL CALVARIO', NULL, 2),
(839, 'CANTON SAN ANDRES, CALLE PPAL, MONTE SAN JUAN', 'EL GANCHO DE CALLE', NULL, 6),
(840, 'CANTON SAN JOSE, MONTE SAN JUAN', 'CASERIO LA ERMITA, LA COMUNAL', NULL, 4),
(841, 'CANTON SAN ANTONIO, MONTE SAN JUAN', 'EL CALVARIO', NULL, 3),
(842, 'CANTON SAN JOSE, MONTE SAN JUAN', 'CASERIO EL COPINOL', NULL, 4),
(843, 'CANTON SOLEDAD, CASERIO LAS HUERTAS, MONTE SAN JUAN', 'LAS HUERTAS', NULL, 8),
(844, 'CANTON SAN MARTIN, MONTE SAN JUAN', 'CASERIO LA PENONA', NULL, 2),
(845, 'CANTON SOLEDAD, CASERIO EL LIMONCILLO, MONTE SAN JUAN', 'CALLE PRINCIPAL, IGLESIA MANANTIALES', NULL, 8),
(846, 'CANTON SAN JOSE, MONTE SAN JUAN', 'CASERIO LA ERMITA, LA COMUNAL', NULL, 4),
(847, 'CANTON EL CARMEN,CASERIO LA ERMITA, MONTE SAN JUAN', 'CALLE A CTON SAN ANDRES', NULL, 5),
(848, 'CANTON EL CARMEN, CASERIO EL CHILINDRON, MONTE SAN JUAN', 'CALLE A CTON SOLEDAD', NULL, 5),
(849, 'CANTON SOLEDAD, CASERIO LAS HUERTAS, MONTE SAN JUAN', 'LAS HUERTAS', NULL, 8),
(850, 'CANTON SAN ANDRES, MONTE SAN JUAN', 'EL CEMENTERIO', NULL, 6),
(851, 'CANTON SAN ANDRES, CASERIO MONTE LAS PILAS, MONTE SAN JUAN', 'CALLE PRINCIPAL', NULL, 6),
(852, 'CANTON SAN ANDRES, MONTE SAN JUAN', 'CASERIO MONTE LAS PILAS', NULL, 6),
(853, 'CANTON SOLEDAD, CASERIO LAS HUERTAS, MONTE SAN JUAN', 'LAS HUERTAS', NULL, 8),
(854, 'CANTON EL ROSARIO, CASERIO EL AMATE, MONTE SAN JUAN.', 'EL AMATE', NULL, 1),
(855, 'CANTON SAN JOSE, MONTE SAN JUAN', 'CASERIO EL COPINOL,CALLE PPAL.', NULL, 4),
(856, 'CANTON SOLEDAD, CASERIO LA ERMITA, MONTE SAN JUAN', 'LOS JUAREZ', NULL, 8),
(857, 'CANTON EL CARMEN, CASERIO LA ERMITA, MONTE SAN JUAN', 'CALLE A CTON SAN ANDRES', NULL, 5),
(858, 'CANTON SAN ANTONIO, MONTE SAN JUAN', 'LA COMUNAL', NULL, 3),
(859, 'CANTON SAN ANDRES,  MONTE SAN JUAN', 'LA ESCUELA ARRIBA, CALLE A EL OJO DE AGUA', NULL, 6),
(860, 'CANTON SAN ANDRES, MONTE SAN JUAN', 'LA ESCUELA', NULL, 6),
(861, 'CANTON SOLEDAD, CASERIO EL CALVARIO, MONTE SAN JUAN', 'POR EL CALVARIO', NULL, 8),
(862, 'CANTON SAN ANDRES, CASERIO MONTE LAS PILAS, MONTE SAN JUAN', 'LOS HERNANDEZ', NULL, 6),
(863, 'CANTON SAN ANDRES, CASERIO EL CAULOTE, MONTE SAN JUAN', 'EL CAULOTE', NULL, 6),
(864, 'CANTON SAN ANDRES, MONTE SAN JUAN', 'CASERIO MONTE LAS PILAS', NULL, 6),
(865, 'CANTON SAN ANDRES, MONTE SAN JUAN', 'EL CEMENTERIO', NULL, 6),
(866, 'CANTON SAN ANTONIO, MONTE SAN JUAN', 'LA ERMITA', NULL, 3),
(867, 'CANTON SAN ANDRES, MONTE SAN JUAN', 'EL CEMENTERIO', NULL, 6),
(868, 'CANTON EL CARMEN, CALLE PPAL. LOS BELTRANES, MONTE SAN JUAN', 'POR EL CEMENTERIO DE SAN ANDRES', NULL, 5),
(869, 'CANTON SAN ANDRES, MONTE SAN JUAN', 'CASERIO MONTE LAS PILAS', NULL, 6),
(870, 'CANTON SAN MARTIN, MONTE SAN JUAN', 'CASERIO LA ERMITA', NULL, 2),
(871, 'CANTON EL CARMEN, CASERIO LA ERMITA, MONTE SAN JUAN', 'CALLE A  RIO TIZAPA', NULL, 5),
(872, 'CANTON SOLEDAD, CASERIO LA ESCUELA, MONTE SAN JUAN', 'EL TAMARINDO', NULL, 8),
(873, 'CANTON SAN ANDRES, CASERIO MONTE LAS PILAS, MONTE SAN JUAN', 'POR LA IGLESIA CATOLICA', NULL, 6),
(874, 'CANTON SOLEDAD, CASERIO LA ERMITA, MONTE SAN JUAN', 'LA CEIBA', NULL, 8),
(875, 'CANTON SOLEDAD, CASERIO LAS HUERTAS, MONTE SAN JUAN', 'LAS HUERTAS', NULL, 8),
(876, 'CANTON SOLEDAD, CASERIO LA ESCUELA, MONTE SAN JUAN', 'POR LA CANCHA', NULL, 8),
(877, 'CANTON SOLEDAD, CASERIO LA ERMITA, MONTE SAN JUAN', 'POR LA ERMITA', NULL, 8),
(878, 'CANTON SAN ANDRES, MONTE SAN JUAN', 'CASERIO EL CALVARIO', NULL, 6),
(879, 'CANTON SOLEDAD, CASERIO LA ESCUELA, MONTE SAN JUAN', 'CALLE PRINCIPAL', NULL, 8),
(880, 'CANTON SAN ANDRES, MONTE SAN JUAN', 'EL CEMENTERIO', NULL, 6),
(881, 'CANTON SAN ANDRES, CALLE PPAL, MONTE SAN JUAN', 'EL GANCHO DE CALLE', NULL, 6),
(882, 'CANTON SAN ANDRES, MONTE SAN JUAN', 'CASERIO MONTE LAS PILAS', NULL, 6),
(883, 'CANTON SOLEDAD, CASERIO LA ESCUELA, MONTE SAN JUAN', 'EL TAMARINDO', NULL, 8),
(884, 'CANTON SAN ANDRES, MONTE SAN JUAN', 'CASERIO EL CALVARIO', NULL, 6),
(885, 'CANTON EL CARMEN, CASERIO EL CHILINDRON, MONTE SAN JUAN', 'CUESTA EL PASITO', NULL, 5),
(886, 'CANTON SAN MARTIN, MONTE SAN JUAN', 'CASERIO EL CALVARIO', NULL, 2),
(887, 'CANTON SAN ANDRES, MONTE SAN JUAN', 'CASERIO MONTE LAS PILAS', NULL, 6),
(888, 'CANTON SAN ANDRES,CASERIO MONTE LAS PILAS, MONTE SAN JUAN', 'ATRAS DE LA  IGLESIA CATOLICA', NULL, 6),
(889, 'CANTON EL CARMEN, CASERIO LOS NARANJOS, MONTE SAN JUAN', 'LA COMUNAL', NULL, 5),
(890, 'CANTON EL CARMEN, CASERIO LOS NARANJOS, MONTE SAN JUAN', 'POR LA CALLE VIEJA', NULL, 5),
(891, 'CANTON SAN ANDRES, CASERIO MONTE LAS PILAS, MONTE SAN JUAN', 'POR LA IGLESIA CATOLICA', NULL, 6),
(892, 'CANTON SAN JOSE, MONTE SAN JUAN', 'CASERIO EL COPINOL', NULL, 4),
(893, 'CANTON SAN JOSE, MONTE SAN JUAN', 'CALLE PPAL. CASERIO LA ERMITA, EL MOLINO', NULL, 4),
(894, 'CANTON EL CARMEN, CASERIO EL CHILINDRON, MONTE SAN JUAN', 'CALLE A CTON SOLEDAD', NULL, 5),
(895, 'CANTON SAN ANDRES, MONTE SAN JUAN', 'EL CEMENTERIO', NULL, 6),
(896, 'CANTON SAN ANDRES, MONTE SAN JUAN', 'CASERIO MONTE LAS PILAS', NULL, 6),
(897, 'CANTON SOLEDAD, CASERIO LA ESCUELA, MONTE SAN JUAN', 'EL TAMARINDO', NULL, 8),
(898, 'CANTON SAN JOSE, MONTE SAN JUAN', 'CASERIO LOS PAREDES', NULL, 4),
(899, 'CANTON SAN JOSE, MONTE SAN JUAN', 'CALLE PPAL. CASERIO LA ERMITA', NULL, 4),
(900, 'CANTON EL ROSARIO, CASERIO EL MOLINO, MONTE SAN JUAN', 'LA ERMITA', NULL, 1),
(901, 'CANTON EL ROSARIO, CASERIO EL AMATE, MONTE SAN JUAN.', 'EL AMATE', NULL, 1),
(902, 'CANTON SAN JOSE, MONTE SAN JUAN', 'CASERIO LOS PAREDES, CALLE PPAL.', NULL, 4),
(903, 'CANTON SAN JOSE, MONTE SAN JUAN', 'CALLE  REDONDEL EL COPINOL', NULL, 4),
(904, 'CANTON SAN JOSE, MONTE SAN JUAN', 'CASERIO EL COPINOL', NULL, 4),
(905, 'CANTON EL ROSARIO, CASERIO EL MOLINO', 'EL MOLINO', NULL, 1),
(906, 'CANTON SAN JOSE, MONTE SAN JUAN', 'CASERIO EL COPINOL', NULL, 4),
(907, 'CANTON SAN JOSE, MONTE SAN JUAN', 'CALLE PPAL. AL PUENTE EL ROSARIO', NULL, 4),
(908, 'CANTON EL ROSARIO, CASERIO EL AMATE, MONTE SAN JUAN', 'FRENTE LA ESCUELA', NULL, 1),
(909, 'CANTON EL ROSARIO, CASERIO LA PRADERA, MONTE SAN JUAN', 'LA PRADERA', NULL, 1),
(910, 'CANTON SAN JOSE, MONTE SAN JUAN', 'CALLE PPAL. AL PUENTE EL ROSARIO', NULL, 4),
(911, 'CANTON CONCEPCION, MONTE SAN JUAN', 'CASERIO SECTOR I, EL CALVARIO', NULL, 7),
(912, 'CANTON SAN JOSE, MONTE SAN JUAN', 'CALLE PPAL. AL PUENTE EL ROSARIO', NULL, 4),
(913, 'CANTON SAN JOSE, MONTE SAN JUAN', 'CASERIO EL COPINOL', NULL, 4),
(914, 'CANTON SAN JOSE, MONTE SAN JUAN', 'CALLE PPAL. CASERIO LA ERMITA, EL MOLINO', NULL, 4),
(915, 'CANTON SAN JOSE, MONTE SAN JUAN', 'CALLE  REDONDEL EL COPINOL', NULL, 4),
(916, 'CANTON SAN JOSE, MONTE SAN JUAN', 'CALLE  REDONDEL EL COPINOL', NULL, 4),
(917, 'CANTON SAN JOSE, MONTE SAN JUAN', 'CALLE PPAL. CASERIO LA ERMITA', NULL, 4),
(918, 'CANTON SAN JOSE, MONTE SAN JUAN', 'CASERIO EL COPINOL', NULL, 4),
(919, 'CANTON SAN JOSE, MONTE SAN JUAN', 'CALLE  REDONDEL EL COPINOL', NULL, 4),
(920, 'CANTON EL ROSARIO, CASERIO EL MOLINO, MONTE SAN JUAN', 'EL MOLINO', NULL, 1),
(921, 'CANTON EL ROSARIO, CASERIO LA PRADERA, MONTE SAN JUAN.', 'LA PRADERA', NULL, 1),
(922, 'CANTON SAN JOSE, MONTE SAN JUAN', 'CALLE PPAL. A LA ERMITA', NULL, 4),
(923, 'CANTON SAN JOSE, MONTE SAN JUAN', 'POR EL TANQUE', NULL, 4),
(924, 'CANTON SAN JOSE, MONTE SAN JUAN', 'CASERIO LOS PAREDES', NULL, 4),
(925, 'CANTON SAN ANDRES, MONTE SAN JUAN', 'EL CEMENTERIO', NULL, 6),
(926, 'CANTON SAN ANDRES, MONTE SAN JUAN', 'SEPTOR 2 CALLE A EL OJO DE GUA', NULL, 6),
(927, 'CANTON SAN ANDRES, CALLE PPAL, MONTE SAN JUAN', 'LA COMUNAL', NULL, 6),
(928, 'CANTON SAN ANDRES, MONTE SAN JUAN', 'CASERIO MONTE LAS PILAS', NULL, 6),
(929, 'CANTON SAN ANDRES,MONTE SAN JUAN', 'LOS VALLE', NULL, 6),
(930, 'CANTON SAN ANDRES, CALLE PPAL, MONTE SAN JUAN', 'LA COMUNAL', NULL, 6),
(931, 'CANTON SAN ANDRES, CALLE PPAL, MONTE SAN JUAN', 'LA COMUNAL', NULL, 6),
(932, 'CANTON SAN ANDRES,MONTE SAN JUAN', 'LOS VALLE', NULL, 6),
(933, 'CANTON SAN ANDRES, CASERIO MONTE LAS PILAS, MONTE SAN JUAN', 'CALLE PPAL. CAMINO A LOS HERNANDEZ', NULL, 6),
(934, 'CANTON SAN ANDRES, MONTE SAN JUAN', 'CASERIO MONTE LAS PILAS', NULL, 6),
(935, 'CANTON SAN ANDRES, MONTE SAN JUAN', 'CASERIO MONTE LAS PILAS', NULL, 6),
(936, 'CANTON EL CARMEN, CASERIO LA ERMITA, MONTE SAN JUAN', 'CALLE A CTON SAN ANDRES, EL PASITO', NULL, 5),
(937, 'CANTON SAN ANDRES, MONTE SAN JUAN,CASERIO MONTE LAS PILAS', 'ATRAS DE LA  IGLESIA CATOLICA', NULL, 6),
(938, 'CANTON SOLEDAD, CASERIO EL CALVARIO, MONTE SAN JUAN', 'POR LA CANCHA', NULL, 8),
(939, 'CANTON SAN ANDRES, MONTE SAN JUAN', 'EL CEMENTERIO', NULL, 6),
(940, 'CANTON SOLEDAD, CASERIO LOS CHAVEZ, MONTE SAN JUAN', 'LA CALLE VIEJA', NULL, 8),
(941, 'CANTON SOLEDAD, CASERIO LA COMUNAL, MONTE SAN JUAN', 'POR LA CANCHA', NULL, 8),
(942, 'CANTON SOLEDAD, CASERIO LOS CHAVEZ, MONTE SAN JUAN', 'LA CALLE VIEJA', NULL, 8),
(943, 'CANTON EL CARMEN, CASERIO LOS NARANJOS, MONTE SAN JUAN', 'POR LA CANCHA', NULL, 5),
(944, 'CANTON SAN ANDRES, MONTE SAN JUAN', 'EL CEMENTERIO', NULL, 6),
(945, 'CANTON SOLEDAD, CASERIO EL CALVARIO, MONTE SAN JUAN', 'POR LA CANCHA', NULL, 8),
(946, 'CANTON SOLEDAD, CASERIO EL LIMONCILLO, MONTE SAN JUAN', 'POR IGLESIA EVANGELICA', NULL, 8),
(947, 'CANTON SAN ANDRES, MONTE SAN JUAN', 'EL CEMENTERIO', NULL, 6),
(948, 'CANTON SOLEDAD, CASERIO LOS CHAVEZ, MONTE SAN JUAN', 'LIMITE DE CTON EL CARMEN', NULL, 8),
(949, 'CANTON SOLEDAD, CASERIO LA ERMITA, MONTE SAN JUAN', 'LA CEIBA', NULL, 8),
(950, 'CANTON SOLEDAD, CASERIO LA COMUNAL, MONTE SAN JUAN', 'POR LA COLONIA', NULL, 8),
(951, 'CANTON EL CARMEN, CASERIO LOS NARANJOS, MONTE SAN JUAN', 'ENTRADA A LA CANCHA', NULL, 5),
(952, 'CANTON SAN ANTONIO, MONTE SAN JUAN', 'LA ERMITA', NULL, 3),
(953, 'CANTON SOLEDAD, CASERIO EL LIMONCILLO, MONTE SAN JUAN', 'POR IGLESIA EVANGELICA', NULL, 8),
(954, 'CANTON EL CARMEN, CASERIO LOS NARANJOS, MONTE SAN JUAN', 'POR LA CALLE VIEJA', NULL, 5),
(955, 'CANTON SOLEDAD, CASERIO LA ERMITA, MONTE SAN JUAN', 'POR LA CLINICA', NULL, 8),
(956, 'CANTON SAN ANDRES, MONTE SAN JUAN', 'EL CEMENTERIO', NULL, 6),
(957, 'CANTON SOLEDAD, CASERIO LA ERMITA, MONTE SAN JUAN', 'POR EL MOLINO', NULL, 8),
(958, 'CANTON SOLEDAD, CASERIO EL CALVARIO, MONTE SAN JUAN', 'EL CALVARIO', NULL, 8),
(959, 'CANTON SAN ANDRES, MONTE SAN JUAN', 'EL CEMENTERIO', NULL, 6),
(960, 'CANTON SOLEDAD, CASERIO EL CALVARIO, MONTE SAN JUAN', 'EL CALVARIO', NULL, 8),
(961, 'CANTON SOLEDAD, CASERIO EL LIMONCILLO, MONTE SAN JUAN', 'ENTRADA CALLE AL CHILINDRON', NULL, 8),
(962, 'CANTON SOLEDAD, CASERIO EL CALVARIO, MONTE SAN JUAN', 'LA META', NULL, 8),
(963, 'CANTON EL CARMEN, CALLE PPAL. , MONTE SAN JUAN', 'CASERIO LOS BELTRANES', NULL, 5),
(964, 'CANTON SAN ANDRES, MONTE SAN JUAN', 'EL CEMENTERIO', NULL, 6),
(965, 'CANTON SOLEDAD, CASERIO LA ESCUELA, MONTE SAN JUAN', 'LA ESCUELA', NULL, 8),
(966, 'CANTON SOLEDAD, CASERIO LA COMUNAL, MONTE SAN JUAN', 'POR LA COLONIA', NULL, 8),
(967, 'CANTON EL CARMEN, CASERIO LOS NARANJOS, MONTE SAN JUAN', 'POR LA CALLE VIEJA', NULL, 5),
(968, 'CANTON SOLEDAD, CASERIO EL CALVARIO, MONTE SAN JUAN', 'LA META', NULL, 8),
(969, 'CANTON SAN ANDRES, MONTE SAN JUAN', 'EL CEMENTERIO', NULL, 6),
(970, 'CANTON EL CARMEN, CASERIO LOS NARANJOS, MONTE SAN JUAN', 'LA COMUNAL', NULL, 5),
(971, 'CANTON SAN ANDRES, MONTE SAN JUAN', 'EL CEMENTERIO', NULL, 6),
(972, 'CANTON SOLEDAD, CASERIO EL CALVARIO, MONTE SAN JUAN', 'POR EL CALVARIO', NULL, 8),
(973, 'CANTON SAN ANDRES, MONTE SAN JUAN', 'EL CEMENTERIO', NULL, 6),
(974, 'CANTON SOLEDAD, CASERIO LOS CHAVEZ, MONTE SAN JUAN', 'LA CALLE VIEJA', NULL, 8),
(975, 'CANTON SOLEDAD, CASERIO EL CALVARIO, MONTE SAN JUAN', 'LA META', NULL, 8),
(976, 'CANTON EL CARMEN, CALLE PPAL. , MONTE SAN JUAN', 'CASERIO LA ERMITA', NULL, 5),
(977, 'CANTON SOLEDAD, CASERIO LA ERMITA, MONTE SAN JUAN', 'LOS JUAREZ', NULL, 8),
(978, 'CANTON SAN ANDRES, MONTE SAN JUAN', 'LOS VALLE', NULL, 6),
(979, 'CANTON SAN ANDRES, MONTE SAN JUAN', 'LA ESCUELA SEPTOR 2 CALLE A EL OJO DE GUA', NULL, 6),
(980, 'CANTON SAN MARTIN, MONTE SAN JUAN', 'ARRIBA DE LA ERMITA, LIMITE DE CTON CONCEPCION', NULL, 2),
(981, 'CANTON SAN ANDRES, MONTE SAN JUAN', 'EL PASITO', NULL, 6),
(982, 'CANTON EL CARMEN, CASERIO LOS NARANJOS, MONTE SAN JUAN', 'LA COMUNAL', NULL, 5),
(983, 'CANTON SAN ANDRES, MONTE SAN JUAN', 'EL PASITO', NULL, 6),
(984, 'CANTON EL CARMEN, CASERIO LOS NARANJOS, MONTE SAN JUAN', 'POR LA COMUNAL', NULL, 5),
(985, 'CANTON SAN ANDRES, CASERIO EL CAULOTE, MONTE SAN JUAN', 'CALLE PRINCIPAL', NULL, 6),
(986, 'CANTON SAN ANDRES, MONTE SAN JUAN', 'LOS VALLE', NULL, 6),
(987, 'CANTON SAN ANDRES, CALLE PPAL, MONTE SAN JUAN', 'LA COMUNAL', NULL, 6),
(988, 'CANTON SAN ANDRES, MONTE SAN JUAN', 'SEPTOR 2 CALLE A EL OJO DE AGUA', NULL, 6),
(989, 'CANTON SAN ANDRES,MONTE SAN JUAN', 'LOS VALLE', NULL, 6),
(990, 'SAN ANDRES, MONTE SAN JUAN', 'EL PASITO', NULL, 6),
(991, 'CANTON SAN ANDRES, MONTE SAN JUAN', 'LA ESCUELA, CALLE A EL OJO DE AGUA', NULL, 6),
(992, 'CANTON SAN ANDRES, MONTE SAN JUAN', 'LA ESCUELA', NULL, 6),
(993, 'CANTON SAN ANDRES, CASERIO EL CAULOTE, MONTE SAN JUAN', 'CALLE PRINCIPAL', NULL, 6),
(994, 'CANTON SAN JOSE, MONTE SAN JUAN', 'CASERIO EL COPINOL,CALLE PPAL.', NULL, 4),
(995, 'CANTON SAN JOSE, MONTE SAN JUAN', 'CASERIO EL COPINOL', NULL, 4),
(996, 'CANTON SAN ANDRES, CASERIO EL CAULOTE, MONTE SAN JUAN', 'CALLE PRINCIPAL', NULL, 6),
(997, 'CANTON SAN ANDRES, MONTE SAN JUAN', 'EL CEMENTERIO', NULL, 6),
(998, 'CANTON EL ROSARIO, CASERIO LA PRADERA', 'LA PRADERA', NULL, 1),
(999, 'CANTON SAN ANTONIO, MONTE SAN JUAN', 'LA ERMITA', NULL, 3),
(1000, 'CANTON SAN ANTONIO, CASERIO LA ERMITA, MONTE SAN JUAN', 'LA ESCUELA', NULL, 3);

-- --------------------------------------------------------

--
-- Estructura de tabla para la tabla `personas`
--

CREATE TABLE `personas` (
  `idPersona` varchar(11) NOT NULL,
  `nombre` varchar(255) DEFAULT NULL,
  `apellidos` varchar(255) DEFAULT NULL,
  `telefono` varchar(255) DEFAULT NULL,
  `idCanton` int(11) DEFAULT NULL
) ENGINE=InnoDB DEFAULT CHARSET=utf8mb4;

--
-- Volcado de datos para la tabla `personas`
--

INSERT INTO `personas` (`idPersona`, `nombre`, `apellidos`, `telefono`, `idCanton`) VALUES
('00000001-1', 'JOSE SANTIAGO', 'VASQUEZ GIRON', '7561-2417', 2),
('00000001-6', 'JUAN CARLOS', 'LOPEZ HERCULES', '3602-7207', 6),
('00000002-2', 'ROBERTO', 'CRUZ HERNANDEZ', '9667-6156', 2),
('00000003-3', 'PEDRO', 'OSORIO GARCIA', '9833-4601', 2),
('00000004-4', 'REINA CECILIA', 'TORRES HERRERA', '6216-2256', 2),
('00002245-0', 'JOSE ROBERTO', 'VENTURA JUAREZ', '3122-9793', 2),
('00012456-1', 'AMILCAR', 'JUAREZ CHAVEZ', '6052-9763', 8),
('00019079-0', 'ANA YANIRA', 'SANCHEZ DE FLORES', '6792-1546', 7),
('00019522-2', 'JOSE ANSELMO', 'VIDES', '6533-6777', 6),
('00026849-6', 'ESTEBAN', 'GOMEZ PEREZ', '5068-3176', 7),
('00026912-5', 'WILFREDO CONCEPCION', 'SANTOS JUAREZ', '5001-9740', 8),
('00034571-9', 'LAZARO', 'FERNANDEZ LOPEZ', '4332-8861', 2),
('00046097-5', 'FRANCISCO', 'VASQUEZ', '2601-5597', 8),
('00056305-8', 'JOSE NICOLAS', 'BELTRAN VASQUEZ', '2168-1501', 8),
('00061297-8', 'ANGELA', 'HERNANDEZ DE PEREZ', '3240-2595', 2),
('00062391-0', 'OSCAR SAUL', 'MORALES VALLE', '7023-4243', 8),
('00062400-8', 'MARIA EUSEBIA', 'ALVAREZ', '9692-4851', 4),
('00063944-4', 'RUPERTO', 'GUTIERREZ HERNANDEZ', '3364-5835', 8),
('00065667-3', 'CRISTINA', 'FLORES LEON', '8044-3060', 2),
('00068252-7', 'MARIA ROSELIA', 'JUAREZ DE VASQUEZ', '5433-2022', 8),
('00069638-0', 'JOSE VIRGILIO', 'PAREDES GONZALEZ', '2291-2928', 4),
('00070000-8', 'ALBINO', 'VALLE ROJAS', '2394-8670', 3),
('00072020-0', 'CENTRO ESCOLAR', 'CANTON SAN ANTONIO', '9592-9228', 3),
('00072353-5', 'NICOLAS', 'HERNANDEZ CRUZ', '3666-1554', 6),
('00073826-3', 'JOSE ATANACIO', 'DOMINGUEZ', '4016-8312', 2),
('00073828-4', 'MARIA PETRONILA', 'FLORES', '4734-9543', 2),
('00085055-2', 'MARIA ANTONIA', 'HERNANDEZ MELENDEZ', '5520-4653', 7),
('00091473-8', 'DANIEL SANTIAGO', 'VALLE FERNANDEZ', '9414-5992', 7),
('00093218-4', 'MARTINA', 'HERRERA DE FERNANDEZ', '5343-7054', 2),
('00093219-4', 'VICENTE', 'FERNANDEZ  VIDES', '1827-6073', 2),
('00094335-5', 'ARTURO', 'VASQUEZ CRUZ', '1577-4803', 8),
('00095467-3', 'JOSE RAUL', 'VIDES HERNANDEZ', '8764-1108', 4),
('00095832-6', 'ROSA HORTENCIA', 'ALVARADO', '8574-6750', 6),
('00096298-5', 'MARIA NICOLASA', 'GOMEZ VENTURA', '9930-4970', 7),
('00096477-5', 'MARIA SABINA', 'FERNANDEZ VIUDA DE IRAHETA', '6574-1121', 3),
('00099003-5', 'JOSE ALEJANDRO', 'PEREZ TURCIOS', '2705-3658', 1),
('00105554-5', 'CONCEPCION', 'ECHEVERIA VIUDA DE PENA', '6585-7143', 2),
('00105555-5', 'TEODORA', 'PINEDA TORRES', '2302-9144', 2),
('00109357-7', 'CONCEPCION', 'BELTRAN BELTRAN', '2049-3793', 5),
('00113551-5', 'MARIA BERNARDA', 'RAFAEL RAMOS', '8048-6694', 6),
('00115724-0', 'MARIA VICTORIA', 'RAFAEL FERNANDEZ', '7894-6217', 3),
('00118411-6', 'RAYMUNDO', 'LOBATO VASQUEZ', '3265-9745', 2),
('00118964-5', 'LORENZO', 'FERNANDEZ VASQUEZ', '5600-2434', 4),
('00124384-7', 'YOLANDA ESTELA', 'PEREZ HERNANDEZ', '6040-1129', 2),
('00124516-6', 'PABLO', 'CRUZ BELTRAN', '9962-5557', 8),
('00125944-0', 'ALFREDO', 'ROSALES CRUZ', '6934-4885', 8),
('00126080-7', 'MARIA OFELIA', 'FLAMENCO MELENDEZ', '7178-5301', 4),
('00127384-2', 'SILVESTRE', 'FERNANDEZ GARCIA', '9944-6120', 2),
('00130168-7', 'MARIA DEL CARMEN', 'PEREZ PEREZ', '2056-8652', 6),
('00131858-7', 'LUCIANO', 'JUAREZ BELTRAN', '8021-9195', 6),
('00137437-1', 'JESUS', 'MORALES', '3888-8977', 3),
('00138970-8', 'JOSE SAUL', 'PALACIOS PEREZ', '8385-7601', 6),
('00141414-6', 'CARLOS', 'RAFAEL FERNANDEZ', '8321-7878', 2),
('00151561-8', 'OSCAR GONZALO', 'CHAVEZ RIVAS', '1647-8551', 8),
('00152157-0', 'ROSA', 'VASQUEZ  DE CRUZ', '3612-9929', 5),
('00155525-2', 'ANA GLADIS', 'CRUZ JUAREZ', '1265-3488', 2),
('00163286-8', 'SABINA', 'PEREZ DE CRUZ', '5384-1634', 6),
('00180649-8', 'JOSE ROBERTO', 'VASQUEZ FERNANDEZ', '9905-9374', 2),
('00181290-5', 'MARIA SANTOS', 'CRUZ DE HERNANDEZ', '8791-1162', 8),
('00189520-4', 'JUAN ANGEL', 'FERNANDEZ VIDES', '3619-4220', 2),
('00190242-5', 'MARIA LUZ', 'SALINAS', '4302-8457', 8),
('00190243-6', 'ALFONSO', 'HERNANDEZ', '6265-8160', 8),
('00196002-2', 'MIGUEL ANGEL', 'SURIA', '4119-9457', 5),
('00198479-4', 'ALFONSO', 'CHAVEZ ROSALES', '7338-2838', 8),
('00199808-6', 'CARLOS', 'HERNANDEZ', '9583-1143', 4),
('00202207-9', 'PABLO', 'PEREZ  JUAREZ', '5379-9158', 6),
('00202946-6', 'JOSE HUMBERTO', 'CHAVEZ CRUZ', '9062-8521', 8),
('00206943-2', 'ISABEL', 'CHAVEZ BELTRAN', '4675-4617', 8),
('00208717-1', 'MAURO', 'CHAVEZ  VASQUEZ', '8988-3833', 8),
('00212720-6', 'SANTOS JESUS', 'ESTRADA PAZ', '9191-7925', 6),
('00214764-6', 'SERAPIO', 'JUAREZ PEREZ', '8142-1774', 8),
('00217180-8', 'MARIA ROMANA', 'JUAREZ', '7927-3054', 4),
('00217181-9', 'MANUEL DE JESUS', 'ALEGRIA', '7162-3402', 4),
('00217182-8', 'ANA', 'PAREDES DE ALEGRIA', '8545-1679', 4),
('00221293-7', 'MARIA MARGARITA', 'FERNANDEZ DE LOBATO', '7502-5601', 7),
('00221719-0', 'CENTRO ESCOLAR', 'CANTON EL ROSARIO', '9621-5001', 1),
('00232627-4', 'CRISTINA', 'JUAREZ DE LOPEZ', '7315-3421', 8),
('00233503-7', 'ISIDORA', 'HERNANDEZ CERROS', '8440-7262', 1),
('00239115-6', 'ISRAEL', 'GUTIERREZ', '7437-9022', 8),
('00248293-1', 'EULALIO', 'VENTURA CRUZ', '7855-2241', 2),
('00251453-4', 'IGLESIA', 'CATOLICA', '3468-9658', 6),
('00251797-2', 'MARINA GLADIS FLORIVEC', 'CRUZ VENTURA', '8320-7180', 7),
('00254814-3', 'PABLA', 'SANTOS JUAREZ', '4677-9738', 8),
('00255071-8', 'JOSE MARIO', 'GUTIERREZ CHAVEZ', '8877-6023', 8),
('00257530-2', 'REYES', 'HERNANDEZ', '6044-4189', 6),
('00267720-1', 'JOSE SANTOS', 'CRUZ LOPEZ', '3994-9247', 8),
('00267780-3', 'MIGUEL ANGEL', 'CRUZ JUAREZ', '5561-8750', 2),
('00271978-6', 'MARTA', 'JUAREZ VUIDA DE PREZA', '5277-3180', 6),
('00272251-9', 'ISMAEL', 'CRUZ SANTOS', '6355-3399', 8),
('00274477-3', 'MARIA DE LOS ANGELES', 'FERNANDEZ DE CORNEJO', '3994-6912', 4),
('00279850-2', 'FABIAN', 'VASQUEZ JUAREZ', '2987-8317', 8),
('00292087-4', 'JOSE SATURNINO', 'GOMEZ TURCIOS', '3844-8955', 2),
('00296569-6', 'SEBASTIAN', 'JUAREZ CRUZ', '6264-8150', 8),
('00305141-3', 'GLADIS', 'VALLE MORALES', '6374-6700', 3),
('00312358-0', 'CECILIA', 'LOBATO VALLE', '8291-3238', 2),
('00313849-6', 'FAUSTINO', 'VASQUEZ GUTIERREZ', '1713-4052', 8),
('00316979-7', 'JOSE ALONSO', 'RAFAEL FERNANDEZ', '2475-6915', 2),
('00316979-8', 'JOSE ALONSO', 'RAFAEL FERNANDEZ', '7640-9168', 2),
('00318521-5', 'JOSE MARTIN', 'GUTIERREZ', '5734-9224', 8),
('00318689-7', 'MARIA IRMA', 'JUAREZ VASQUEZ', '4578-6548', 8),
('00323374-1', 'CANDIDO OSMIN', 'CHAVEZ RIVAS', '2026-8270', 5),
('00323480-2', 'JUAN JOSE', 'PEREZ HERNANDEZ', '7629-5829', 5),
('00324379-6', 'OSCAR TIMOTEO', 'GUTIERREZ LOPEZ', '4976-4988', 8),
('00325875-9', 'RICARDO', 'MORALES VASQUEZ', '1812-2214', 8),
('00326853-4', 'FELIX', 'GOMEZ MUNGUIA', '1417-3753', 2),
('00327778-7', 'JULIANA', 'BLTRAN DE LOPEZ', '7895-1864', 6),
('00331343-6', 'MARIA DE LOS ANGELES', 'ESTRADA DOMINGUEZ', '1054-8492', 2),
('00334512-4', 'EMILIANO', 'CRUZ VIVAS', '1085-7664', 3),
('00338592-0', 'MARIA DOLORES', 'PALACIOS DE VASQUEZ', '3330-9579', 6),
('00350103-9', 'ALONSO', 'CRUZ CHAVEZ', '6272-8351', 8),
('00350845-5', 'JOSE DOMINGO', 'CHAVEZ MEJIA', '6818-7052', 4),
('00351074-5', 'JOSE ARMANDO', 'SANTOS BELTRAN', '5041-6835', 5),
('00356769-5', 'PEDRO', 'PEREZ PALACIOS', '5348-8318', 6),
('00358833-2', 'CENTRO ESCOLAR', 'LEON SIGUENZA', '7005-9060', 8),
('00360206-3', 'GUILLERMO', 'PENA MARTINEZ', '6251-1506', 4),
('00370208-3', 'JOSE SILVESTRE', 'PEREZ  VALLE', '5106-4677', 6),
('00370677-8', 'MARIA MARTINA', 'PEREZ DE PEREZ', '4381-2933', 6),
('00371951-9', 'JOSE GABINO', 'GUTIERREZ LOPEZ', '7017-3151', 8),
('00374125-7', 'SATURDINO', 'VASQUEZ JUAREZ', '5926-3612', 5),
('00374218-0', 'FLOR ANGELICA', 'BELTRAN BELTRAN', '6507-1541', 5),
('00384692-6', 'MARINA', 'VENTURA DE FERNANDEZ', '2011-3339', 2),
('00384738-8', 'MARIA ESCOLASTICA', 'TURCIOS DE FERNANDEZ', '5348-1390', 2),
('00386408-9', 'JOSE SANTOS', 'RAFAEL VALLE', '7268-8909', 3),
('00387055-6', 'RICARDO', 'ALVARADO', '5464-5931', 8),
('00387061-6', 'RICARDO', 'ALVARADO', '4911-8825', 8),
('00395375-7', 'GUILLERMO ARNOLDO', 'GOMEZ', '8562-2533', 2),
('00396214-6', 'JUAN CARLOS', 'PEREZ RAFAEL', '2911-3829', 6),
('00401236-8', 'MARIA CARMEN', 'GUTIERREZ DE NIETO', '5018-7183', 8),
('00401987-3', 'JESUS', 'VALLE FERNANDEZ', '3973-8730', 7),
('00406340-0', 'JUANA ANTONIA', 'HERNANDEZ  HERNANDEZ', '7328-1570', 1),
('00406340-8', 'MARGARITA', 'HERNANDEZ', '4540-7841', 1),
('00409357-6', 'JOSE JUSTO', 'PALACIOS PEREZ', '2077-7425', 6),
('00430447-2', 'JOSE ELIAS', 'CRUZ', '9375-3144', 8),
('00431781-5', 'DAXDUIS', 'ALVAREZ NAVARRETE', '2807-1915', 4),
('00431782-6', 'GUADALUPE', 'NAVIDAD', '2991-2149', 4),
('00436057-5', 'MANUEL ARNULFO', 'CRUZ PEREZ', '2396-4226', 2),
('00436066-6', 'JACINTO DOUGLAS', 'CRUZ FERNANDEZ', '3591-9226', 2),
('00438193-7', 'APOLINARIO', 'JUAREZ FERNANDEZ', '6474-4129', 2),
('00453426-3', 'JESUS', 'VASQUEZ VIUDA DE CRUZ', '8831-7255', 8),
('00454988-6', 'SANTOS', 'LOPEZ VDA DE HERNANDEZ', '1550-3407', 4),
('00461915-2', 'JOSE ROSENDO', 'CRUZ VASQUEZ', '9536-8178', 8),
('00468489-8', 'JUANA', 'CRUZ LOPEZ', '5319-8339', 3),
('00472725-6', 'MAYRA MORENA', 'PEREZ DE MUNGUIA', '1820-8701', 6),
('00474334-1', 'MIGUEL ANGEL', 'HERNANDEZ PEREZ', '7719-1583', 6),
('00474920-8', 'FLORENTINO', 'FERNANDEZ CHAVEZ', '2540-5984', 8),
('00483042-3', 'RAUL', 'GARCIA VASQUEZ', '1728-8831', 3),
('00484680-6', 'CANDELARIO', 'LOPEZ CRUZ', '2992-2879', 3),
('00484779-7', 'ELEUTERIO', 'HERNANDEZ PALACIOS', '8432-6152', 5),
('00492456-5', 'MAURICIO', 'CHAVEZ MARTINEZ', '3950-5995', 4),
('00495907-3', 'HERMINIA', 'PEREZ HERNANDEZ', '1386-2614', 6),
('00501625-0', 'HUGO ANTONIO', 'VENTURA', '3911-7615', 2),
('00502123-9', 'MANUEL ANTONIO', 'CRUZ CRUZ', '4505-7768', 8),
('00523626-6', 'ACZALON', 'VASQUEZ CHAVEZ', '8283-8952', 5),
('00523715-7', 'HORACIO', 'CEAS CERROS', '2445-5160', 1),
('00524334-4', 'SALVADOR', 'CHAVEZ', '2474-2511', 8),
('00525301-4', 'TERESA DE JESUS', 'PEREZ DE MENDEZ', '1456-2221', 7),
('00531371-7', 'TOMASA', 'JUAREZ CHAVEZ', '9795-1918', 7),
('00533760-6', 'FELICITA', 'HERNANDEZ DE VASQUEZ', '9858-3654', 2),
('00535983-6', 'JOSE  ANGEL', 'VASQUEZ PALACIOS', '6361-3757', 7),
('00547711-3', 'SANTOS ANTONIO', 'FLORES', '9775-3431', 2),
('00548056-4', 'GABRIEL', 'MORALES VASQUEZ', '6819-3125', 8),
('00558253-6', 'REYES', 'CRUZ', '3330-9470', 8),
('00560257-2', 'JOSE MAXIMINO', 'CRUZ MUNGUIA', '7811-5804', 2),
('00564367-5', 'JOSE ARNULFO', 'JUAREZ GUTIERREZ', '1767-9152', 8),
('00567034-7', 'NICOLAS', 'LOPEZ VASQUEZ', '5950-4728', 8),
('00572432-4', 'MODESTO', 'FERNANDEZ CRUZ', '6457-6278', 8),
('00574151-2', 'SANTOS', 'ALVARADO PEREZ', '7039-5565', 6),
('00575395-9', 'MARIA LUZ', 'PEREZ GARCIA', '1778-1682', 7),
('00580642-7', 'MARIA ESTANISLAO', 'JUAREZ  PEREZ', '3335-3713', 5),
('00588288-9', 'JULIAN', 'JUAREZ SANTOS', '8238-6737', 8),
('00588391-6', 'MARIA ANGELICA', 'CRUZ GOMEZ', '5419-6975', 2),
('00594985-1', 'GLORIA', 'PEREZ DE PEREZ', '9175-4282', 7),
('00599746-4', 'SEGUNDO', 'VASQUEZ RAMOS', '2045-2281', 2),
('00605051-6', 'LUIS PASTOR', 'GARCIA GIRON', '1836-9643', 2),
('00605061-6', 'SERGIO', 'CRUZ PEREZ', '8439-4871', 2),
('00611812-8', 'OFELIA', 'MUNGUIA DE CRUZ', '1168-9847', 2),
('00612322-0', 'JOSE BENITO', 'VALLE CRUZ', '2468-7424', 8),
('00615771-6', 'GLORIA', 'HERNANDEZ GARCIA', '4736-1263', 3),
('00616388-0', 'SANTOS GILBERTO', 'MORALES CRUZ', '1764-7548', 8),
('00616803-4', 'MARTIN', 'CHAVEZ', '2080-5979', 8),
('00618578-5', 'MIRNA', 'PAREDES DE ARTIGA', '7345-9513', 4),
('00621818-0', 'CENTRO ESCOLAR', 'CANTON SAN ANDRES', '2243-5515', 6),
('00623751-6', 'MARIA TOMASA', 'FERNANDEZ VIUDA DE VENTURA', '8202-8840', 6),
('00624954-7', 'CELSO', 'FERNANDEZ VASQUEZ', '4205-6965', 2),
('00626827-4', 'TOMAS', 'GUTIERREZ CRUZ', '2037-9939', 8),
('00629412-8', 'MARIA MARINA', 'HERNANDEZ CRUZ', '4684-7287', 6),
('00630766-6', 'MARIA EVA', 'VASQUEZ DE CRUZ', '2498-9065', 8),
('00634340-6', 'JOSE ALFREDO', 'VIDES GOMEZ', '8200-5758', 1),
('00634802-4', 'SIXTO', 'CRUZ CAMPOS', '6636-6630', 7),
('00638418-5', 'ISABEL', 'VENTURA GOMEZ', '2919-5744', 2),
('00638531-9', 'JOSE LUIS', 'CASTILLO PEREZ', '2408-9861', 1),
('00639725-1', 'PAULINO', 'FLORES HENRIQUEZ', '2790-8437', 4),
('00642526-6', 'ESTEBAN', 'CHAVEZ ROSALES', '2211-1107', 8),
('00642938-3', 'ERNESTO', 'HERNANDEZ ALFARO', '5787-7876', 2),
('00649428-1', 'HAYDEE', 'RAFAEL JUAREZ', '1375-4823', 7),
('00650360-8', 'MANUEL DE JESUS', 'GARCIA VASQUEZ', '7344-1701', 2),
('00652821-8', 'MARIA RAQUEL', 'VASQUEZ CRUZ', '9975-8776', 8),
('00652964-6', 'RODOLFO', 'VALLE  LOPEZ', '9614-9715', 6),
('00660551-8', 'JOSE EFRAIN', 'LOPEZ', '4625-7679', 8),
('00660555-7', 'MARTIN DE JESUS', 'MORALES JUAREZ', '7360-5409', 8),
('00668451-9', 'JOSE MANUEL', 'RAFAEL HERNANDEZ', '8841-4505', 6),
('00672333-3', 'JOSEFA', 'BELTRAN PEREZ', '6478-2885', 5),
('00679721-9', 'GLORIA MILAGRO', 'CRUZ CORNEJO', '6017-9375', 7),
('00682406-2', 'CARLOS HUMBERTO', 'LOPEZ BELTRAN', '7301-4025', 6),
('00683419-6', 'JOSE  MARIA', 'VENTURA GOMEZ', '3134-4234', 2),
('00683916-4', 'CECILIA', 'CRUZ VDA DE PEREZ', '7610-2656', 7),
('00683916-5', 'JOSE ARMANDO', 'CORNEJO PAREDES', '8618-6594', 7),
('00687115-8', 'BLANCA  ARACELY', 'PAREDES', '8700-9046', 4),
('00688826-0', 'MARIA CONCEPCION', 'CRUZ', '2938-1999', 8),
('00690743-8', 'ANSELMO', 'CRUZ CHAVEZ', '1405-7168', 8),
('00691009-1', 'MARIA CATALINA', 'AGUILLON CHAVEZ', '5662-2609', 8),
('00693687-7', 'CARLOS OVIDIO', 'CHAVEZ SANTOS', '8780-9778', 8),
('00694478-1', 'ISIDORA DE JESUS', 'LOPEZ CARPIO', '5091-3258', 4),
('00700653-6', 'ISMAEL', 'PALACIOS RUIZ', '7207-5016', 6),
('00701773-1', 'PETRONA', 'SURIA DE GARCIA', '1723-9722', 6),
('00702919-4', 'FELIPE', 'PEREZ HERNANDEZ', '2211-6666', 5),
('00705952-1', 'DANIEL', 'VASQUEZ VENTURA', '5119-5076', 2),
('00706463-1', 'JOSE LEON', 'CHAVEZ', '7701-6909', 8),
('00706789-1', 'JORGE ARMANDO', 'CRUZ LOBATO', '1289-5925', 2),
('00707241-4', 'TOMAS', 'BELTRAN JUAREZ', '7495-5568', 8),
('00708494-0', 'JOSE EUGENIO', 'LOPEZ  JUAREZ', '6591-3154', 5),
('00710386-7', 'AMADEO', 'MUNGUIA FERNANDEZ', '4311-8560', 2),
('00719823-6', 'MACARIA', 'FERNANDEZ JUAREZ', '9096-4873', 3),
('00723211-1', 'VIDAL', 'GUTIERREZ', '7200-8683', 8),
('00727294-1', 'JOSE ANGEL', 'FERNANDEZ', '7322-7270', 2),
('00741077-7', 'FELIPE', 'CHAVEZ  VASQUEZ', '6507-3101', 8),
('00744589-5', 'SERGIO ALBERTO', 'LINARES BELTRAN', '6407-3202', 5),
('00745303-4', 'MARIA ZOILA', 'VASQUEZ DE VASQUEZ', '5447-7488', 8),
('00745701-2', 'AMANCIO', 'VASQUEZ GARCIA', '7249-5055', 2),
('00745702-2', 'SAUL MAURICIO', 'RAFAEL', '8779-1503', 2),
('00747281-8', 'MARIA GLADIS', 'CRUZ DE PALACIOS', '2703-9095', 6),
('00749065-4', 'MIGUE ANGEL', 'ROSALES GOMEZ', '8890-9774', 2),
('00756289-1', 'CARLOS FRANCISCO MAURICIO', 'HERNANDEZ HERNANDEZ', '5909-2268', 8),
('00762900-9', 'JOSE VALENTIN', 'PEREZ PEREZ', '4187-6984', 6),
('00777390-5', 'MARIA OFELIA', 'VALLE DE FERNANDEZ', '2740-3812', 3),
('00777937-5', 'MARIA FRANCISCA', 'VALLE', '9039-2146', 8),
('00789494-7', 'MARIA MELIDA', 'CRUZ DE VALLE', '8217-5056', 8),
('00790387-7', 'MARIO ANTONIO', 'LOPEZ PEREZ', '1965-9753', 2),
('00793035-4', 'ROBERTO', 'VALLE JUAREZ', '6718-8224', 8),
('00796151-6', 'MARIA', 'CRUZ VIUDA DE PEREZ', '6170-4688', 6),
('00802007-0', 'JOSE FERNANDO', 'PEREZ CRUZ', '4403-8464', 6),
('00820414-5', 'ROBERTO', 'BELTRAN VASQUEZ', '2788-6737', 8),
('00820520-6', 'MANUEL DIMAS', 'FERNANDEZ GARCIA', '9174-7537', 2),
('00822685-4', 'TEODORO', 'PEREZ PEREZ', '3179-8561', 7),
('00825885-4', 'ENRIQUE', 'PEREZ', '4427-6245', 7),
('00830076-6', 'JOSE ANDRES', 'HERRERA HERNANDEZ', '1617-1015', 1),
('00841528-3', 'PEDRO ANGEL', 'MARROQUIN  PEREZ', '1622-4767', 6),
('00844264-6', 'MANUEL DE JESUS', 'HERNANDEZ  GOMEZ', '4015-7238', 2),
('00846576-7', 'FIDELINA', 'MIRANDA', '9975-5223', 1),
('00848581-2', 'MARIA ISABEL', 'ESTRADA', '9822-4886', 2),
('00848582-2', 'LUCIO ALFREDO', 'ESTRADA', '4682-4664', 2),
('00848583-2', 'GERMAN BALMORE', 'ESTRADA', '9235-4963', 2),
('00849593-4', 'FELIPE', 'VASQUEZ VENTURA', '3333-7171', 2),
('00849803-7', 'FELICITA', 'CRUZ', '7973-5636', 2),
('00850057-5', 'MARIA PAULA', 'HERNANDEZ FERNANDEZ', '2452-7879', 1),
('00850537-1', 'MARIA CRECENCIA', 'MUNGUIA DE FERNANDEZ', '3333-3941', 2),
('00850717-9', 'MARTA LIDIA', 'CRUZ MONTANO', '7496-7044', 2),
('00850957-9', 'JOSE RAUL', 'VALLE RAFAEL', '3871-2544', 3),
('00852629-6', 'CATARINO', 'CRUZ GARCIA', '5509-9966', 2),
('00865359-8', 'BLANCA ESTELA', 'RAMIREZ HERNANDEZ', '1720-2723', 4),
('00866759-7', 'PEDRO', 'MEJIA CARPIO', '6961-5230', 8),
('00873063-3', 'ALVARO OTONIEL', 'GARCIA SOZA', '4079-8609', 4),
('00873971-8', 'JOSE TOMAS', 'RIVERA REYES', '4636-5606', 6),
('00874347-4', 'JOSE BENITO', 'ROSALES CRUZ', '2333-6849', 8),
('00875482-3', 'PEDRO', 'PEREZ HERNANDEZ', '1357-9177', 2),
('00878676-5', 'GERMAN', 'SANTOS CRUZ', '2690-9108', 8),
('00883132-4', 'JOSE MANUEL', 'HERNANDEZ LEMUS', '4895-7887', 8),
('00884368-0', 'MARIA CONCEPCION', 'SANTOS VIUDA DE RAFAEL', '9538-9304', 3),
('00884469-4', 'MARIA INOCENTA', 'GIRON PALACIOS', '9673-9293', 2),
('00891662-9', 'JOSE SANTOS', 'BELTRAN JUAREZ', '8861-5180', 5),
('00896237-9', 'JOSE ABRAHAN', 'LOPEZ', '8063-6915', 6),
('00897996-0', 'ISRAEL DE JESUS', 'FLORES LOPEZ', '7084-7110', 7),
('00898699-1', 'DORA', 'MELENDEZ DE FERNANDEZ', '5997-3068', 2),
('00913258-7', 'JUAN DOLORES', 'VALLE', '1017-2143', 7),
('00916859-6', 'TEODOCIA', 'ROSA DE CHAVEZ', '4168-6891', 8),
('00924700-8', 'MARIA FRANCISCA', 'CRUZ DE SANTOS', '6139-4900', 8),
('00924779-8', 'MARIA FRANCISCA', 'CRUZ DE SANTOS', '2900-4701', 8),
('00925586-4', 'CARLOS HUMBERTO', 'ROSA', '7061-2015', 2),
('00927495-7', 'FERNANDO', 'LOPEZ JUAREZ', '4521-3722', 2),
('00931501-2', 'JUANA', 'VASQUEZ VIUDA DE VALLE', '8664-6258', 3),
('00935552-5', 'FULGENCIO', 'LOPEZ PEREZ', '6629-9262', 5),
('00938965-6', 'SONIA DELMY', 'HERNANDEZ  DE RAFAEL', '8153-3830', 2),
('00947549-8', 'PEDRO', 'RUIZ HERNANDEZ', '7902-8531', 3),
('00947792-2', 'JOSE TORIBIO', 'BELTRAN PEREZ', '3056-7713', 5),
('00950226-1', 'ANTONIO', 'FERNANDEZ LOPE Z', '1397-7281', 2),
('00950709-1', 'VICENTE', 'VASQUEZ CRUZ', '1930-8603', 8),
('00954499-0', 'JOSE ISABEL', 'PENA PEREZ', '5326-3020', 6),
('00962391-0', 'JOAQUIN', 'GUTIERREZ', '2141-9598', 8),
('00966501-9', 'MARIA ROSARIO', 'FERNANDEZ DE FERNANDEZ', '8652-4811', 2),
('00968148-7', 'TOMASA', 'HERNANDEZ DE ALVARADO', '8950-6003', 5),
('00968148-9', 'JOSE FERNANDO', 'PEREZ HERNANDEZ', '1283-4734', 5),
('00970003-9', 'MARIA GREGORIA', 'GARCIA DE FERNANDEZ', '3436-6403', 2),
('00971641-2', 'GLORIA', 'CRUZ VIUDA DE PEREZ', '2447-4914', 2),
('00974774-8', 'ANGELITA', 'CRUZ DE VASQUEZ', '4084-1768', 8),
('00974888-3', 'VICTOR MANUEL', 'CACERES IRAHETA', '1058-1119', 8),
('00974906-7', 'MARIA JESUS', 'VASQUEZ', '7942-9665', 2),
('00982367-5', 'MANUEL DE JESUS', 'MORENO HERNANDEZ', '8124-4524', 3),
('00982539-2', 'MARIA LUZ', 'GOMEZ  GARCIA', '8629-8913', 2),
('00992085-9', 'GABRIEL', 'CRUZ HERNANDEZ', '9985-6909', 2),
('00997846-2', 'JOSE ANGEL', 'VASQUEZ SANTOS', '5066-6455', 5),
('01000333-5', 'GUADALUPE', 'CHAVEZ', '2958-4940', 8),
('01003244-9', 'MARIA MARTINA', 'FERNANDEZ HERNANDEZ', '4997-2702', 4),
('01003345-8', 'JOSE TRANSITO', 'FERNANDEZ', '8496-3589', 4),
('01007724-5', 'MARIA ESTANISLAO', 'ROJAS DE GUERRA', '6569-1610', 5),
('01007817-8', 'JAIME SAMUEL', 'RUIZ CHAVEZ', '5845-1075', 8),
('01008255-9', 'ASCENCION', 'FABIAN VIDES', '8503-1679', 4),
('01010812-7', 'JORGE ADALBERTO', 'VASQUEZ  SALINAS', '8607-9534', 8),
('01017619-6', 'JERONIMO', 'RAFAEL FERNANDEZ', '6957-4387', 3),
('01017678-0', 'JOSE ANTONIO', 'HERNANDEZ PENA', '9352-7932', 4),
('01017679-1', 'MARIANA DE JESUS', 'FABIAN', '9990-1207', 4),
('01019022-1', 'SALVADOR', 'CRUZ PEREZ', '9949-7952', 2),
('01019546-7', 'JOSE MARTIR', 'VIVAS CRUZ', '3197-1010', 3),
('01019801-9', 'MANUEL DE JESUS', 'GARCIA CAMPOS', '8684-4749', 2),
('01021401-7', 'TOBIAS', 'HERRERA HERNANDEZ', '4687-2580', 1),
('01023078-8', 'JOSE REYES', 'HERNANDEZ VALLE', '1240-7723', 6),
('01023778-8', 'JOSE REYES', 'HERNANDEZ VALLE', '6933-5929', 6),
('01024156-9', 'JUAN ANTONIO', 'CRUZ DE LEON', '2037-5677', 8),
('01024875-7', 'ISRAEL', 'BELTRAN HERNANDEZ', '2572-3479', 8),
('01028595-3', 'JOSE ADRIAN', 'GUTIERREZ  HERNANDEZ', '7102-7505', 8),
('01028837-5', 'JOSE MAGDALENO', 'VALLE GUTIERREZ', '9895-3861', 8),
('01032759-3', 'CARMEN', 'BELTRAN BELTRAN', '4123-7812', 5),
('01034141-6', 'PABLO ANGEL', 'MARROQUIN VALLE', '8930-1940', 6),
('01034608-4', 'JOSE HECTOR', 'RAFAEL VALLE', '5959-9136', 3),
('01042275-9', 'JOSE EMERITO', 'JUAREZ', '9189-8533', 8),
('01044411-5', 'JOSE CARMEN', 'BELTRAN PREZA', '3518-4530', 5),
('01045154-6', 'ASCENCIO', 'VENTURA CRUZ', '8837-6004', 7),
('01048044-8', 'PABLO', 'PEREZ VIVAS', '9171-8567', 3),
('01050333-5', 'MARIA SANTOS', 'BELTRAN BELTRAN', '6988-9221', 5),
('01052546-8', 'PAULINO', 'HERNANDEZ VASQUEZ', '8976-6176', 1),
('01058679-9', 'ISIDRO', 'RAFAEL SANTOS', '4207-7297', 5),
('01062704-0', 'GILFREDO', 'CRUZ CHAVEZ', '7667-7870', 5),
('01069182-9', 'JOSE DARIO', 'RAFAEL BELTRAN', '3455-5688', 3),
('01069221-5', 'JOSE MARCOS', 'CRUZ PEREZ', '2901-7922', 3),
('01069780-9', 'HERIBERTO', 'AGUILLON CHAVEZ', '8760-3630', 8),
('01069836-8', 'JOSE FIDEL', 'HERNANDEZ ROSA', '6314-4413', 3),
('01077670-0', 'MARIA MARCELINA', 'VASQUEZ DE CRUZ', '3302-2050', 6),
('01077863-2', 'JOSE INES', 'GARCIA VASQUEZ', '1670-8307', 4),
('01080314-1', 'JUANA FRANCISCA', 'JUAREZ DE CRUZ', '1048-9826', 2),
('01080742-0', 'JOSE ISRAEL', 'MUNGUIA FERNANDEZ', '2196-7335', 2),
('01086330-3', 'SANTOS EDELMIRA', 'VASQUEZ FLORES', '7153-1275', 2),
('01089689-3', 'BASILIO', 'CRUZ PEREZ', '2436-6851', 8),
('01092347-0', 'MARIA FERMINA', 'BELTRAN PEREZ', '2869-4811', 5),
('01097052-4', 'CANDIDA FRANCISCA', 'VALLE', '2615-9293', 2),
('01097916-0', 'ADRIAN', 'PEREZ MARROQUIN', '2836-1416', 6),
('01102927-9', 'DAMASA', 'ROSALES  DE MEJIA', '7699-3722', 8),
('01108873-6', 'AZALIA DEL CARMEN', 'QUEZADA DE MORALES', '8138-7021', 4),
('01111842-6', 'JOSE ISIDRO', 'PEREZ CRUZ', '9636-1766', 7),
('01115643-2', 'ISIDRO', 'JUAREZ BELTRAN', '4374-9463', 6),
('01118431-7', 'SANTOS', 'PEREZ DIAZ', '8896-9258', 7),
('01118928-1', 'ELEAZAR NOHEL', 'MARROQUIN CRUZ', '3411-9333', 6),
('01125374-7', 'JORGE', 'VENTURA FERNANDEZ', '7707-9547', 2),
('01128702-1', 'JUAN', 'CHAVEZ', '9498-8767', 8),
('01129413-3', 'ANA VILMA', 'VASQUEZ DE PEREZ', '8171-9719', 2),
('01130882-7', 'CRISTOBAL', 'FERNANDEZ HERNANDEZ', '2484-6574', 2),
('01135726-6', 'ROBERTO ARISTIDES', 'VENTURA HERNANDEZ', '1686-7556', 7),
('01138511-2', 'LUIS ALBERTO', 'HERNANDEZ', '6539-5832', 2),
('01152282-9', 'DOMINGO', 'GARCIA VALLE', '9959-7755', 4),
('01164507-5', 'JOSE LUCIO', 'JUAREZ', '4676-9875', 5),
('01164895-8', 'FRANCISCO', 'CRUZ ALVAREZ', '8337-5631', 4),
('01168546-5', 'OSCAR RENE', 'JUAREZ TURCIOS', '5321-8644', 2),
('01168640-8', 'MARIA ANTONIA', 'VASQUEZ', '2553-3986', 2),
('01169908-2', 'MARGARITA REINA', 'HERNANDEZ DE LOBATO', '1971-6452', 2),
('01170567-1', 'JOSEFINA', 'GUTIERREZ', '6339-7237', 8),
('01170787-7', 'JUAN', 'LOVATO ROMERO', '1660-9351', 1),
('01171942-6', 'OSCAR ANTONIO', 'RUIZ HERNANDEZ', '7799-7899', 8),
('01176679-0', 'MARIA PAULA', 'DIAZ GARCIA', '3002-1115', 4),
('01179128-0', 'MARIA JUANA', 'CRUZ FERNANDEZ', '7996-4602', 2),
('01179427-4', 'JOSE GERMAN', 'CRUZ FERNANDEZ', '3379-5313', 2),
('01181844-0', 'JOSE ISAAC', 'GONZALES SANTOS', '7821-4121', 6),
('01194570-0', 'MARIA FRANCISCA', 'VASQUEZ DE FERNANDEZ', '5931-9732', 2),
('01194571-0', 'SILVIA EVELIN', 'CRUZ JUAREZ', '6585-5323', 2),
('01195744-8', 'JOSE LUIS', 'PAREDES MATAL', '4545-8585', 4),
('01207690-2', 'RUFINA', 'JUAREZ  DE VASQUEZ', '5566-4310', 8),
('01219508-1', 'JOSE ISMAEL', 'CRUZ GOMEZ', '6892-8141', 2),
('01221661-7', 'JOSE MARIANO', 'RUIZ FERNANDEZ', '9159-3633', 3),
('01224708-2', 'MIGUEL ANGEL', 'HERNANDEZ GOMEZ', '8977-3650', 2),
('01231900-9', 'FRANCISCO', 'CRUZ ROSA', '5380-7741', 8),
('01232415-1', 'FERMIN', 'MEJIA PEREZ', '6803-1436', 5),
('01233120-5', 'SANTOS ALUSTIANA', 'PEREZ DE BELTRAN', '4713-9420', 5),
('01236555-5', 'JOSE ISMAEL', 'GUTIERREZ HERNANDEZ', '7703-9454', 8),
('01237960-1', 'ZOILA', 'QUEZADA VIUDA DE GARCIA', '5348-3215', 4),
('01248146-6', 'MARIANO DE JESUS', 'ROSA GUTIERREZ', '7398-6933', 8),
('01251337-8', 'JUAN FRANCISCO', 'RAFAEL PEREZ', '5429-4303', 6),
('01251422-7', 'ORLANDO', 'PEREZ', '7343-3040', 3),
('01260862-8', 'JUAN', 'LOBATO VALLE', '7584-7338', 2),
('01266373-3', 'NATIVIDAD BAUTISTA', 'VALLE', '5703-1824', 7),
('01269253-8', 'MARIA LUZ', 'CRUZ DE CRUZ', '4475-7263', 2),
('01271047-5', 'SHEILA ESTELA', 'GIRON', '6408-7780', 1),
('01279085-7', 'MARIA ANGELA', 'DE LA CRUZ DE CRUZ', '3544-8494', 7),
('01291393-4', 'REINA ELIZABETH', 'CRUZ HERNANDEZ', '2076-5527', 7),
('01293350-5', 'JOSE ARTURO', 'VENTURA FERNANDEZ', '7914-5437', 2),
('01296501-2', 'REINA ELIZABETH', 'GARCIA', '4896-4040', 2),
('01311812-1', 'MARIA MERCEDES', 'VALLE', '1511-7307', 8),
('01320794-6', 'PEDRO ANTONIO', 'RAFAEL ORELLANA', '4262-6253', 3),
('01322593-6', 'PABLO', 'AGUILLON HERNANDEZ', '4661-9280', 6),
('01326403-7', 'MAURICIO', 'ROSA VASQUEZ', '4612-7378', 8),
('01336022-3', 'JUAN', 'LOPEZ DIAZ', '6464-6188', 6),
('01338006-1', 'MEDARDO', 'CRUZ', '3635-1243', 8),
('01342006-5', 'PIO ADOLFO', 'MARTINEZ ALDANA', '1078-7365', 4),
('01347893-7', 'CRISTINO', 'GUTIERREZ LOPEZ', '8335-4913', 8),
('01348512-0', 'VISITACION', 'VASQUEZ CRUZ', '9124-1162', 8),
('01355019-5', 'JOSE BENEDICTO', 'CRUZ FERNANDEZ', '9210-9868', 2),
('01362933-4', 'DORA ALICIA', 'SANTOS DE CRUZ', '7268-6798', 8),
('01363968-0', 'CAMILO', 'CRUZ OSORIO', '8603-8793', 5),
('01363988-0', 'LEANDRO', 'FERNANDEZ RAFAEL', '1364-1519', 5),
('01364240-5', 'LAUREANO', 'HERNANDEZ PEREZ', '1677-2364', 6),
('01374389-7', 'JOSE GONZALO', 'GUTIERREZ HERNANDEZ', '8136-6711', 8),
('01379493-5', 'ANA MARIA', 'PEREZ  AGUILAR', '6289-4527', 6),
('01385001-3', 'ARMANDO', 'JUAREZ', '8366-6308', 3),
('01385094-3', 'ARMANDO', 'JUAREZ', '8130-5532', 6),
('01386006-1', 'ISABEL', 'PALACIOS RAFAEL', '5890-3024', 6),
('01389344-6', 'SANTOS', 'PEREZ', '1180-5539', 7),
('01390354-4', 'JOSE SEGUNDO', 'HERNANDEZ', '5646-9609', 1),
('01405428-1', 'ALEJANDRO', 'BELTRAN JUAREZ', '5775-4209', 5),
('01407587-1', 'REYNA NOEMY', 'QUEZADA DE QUEZADA', '4193-3219', 4),
('01409193-2', 'SANTANA', 'LOPEZ BELTRAN', '8729-8030', 5),
('01412652-5', 'SINDIA ELIZABETH', 'CHACON DE PAREDES', '6562-8276', 4),
('01421970-0', 'MARIA LEONARDA', 'DIAZ VIUDA DE LOPEZ', '2826-4739', 6),
('01422119-7', 'FRANCISCA', 'DE PAZ FLORES', '8333-1576', 2),
('01435683-7', 'CARLOS ALFREDO', 'PEREZ', '8720-1824', 5),
('01436903-4', 'FRANCISCA', 'PEREZ DE PEREZ', '6516-7345', 6),
('01440732-9', 'MIGUEL ANGEL', 'GUTIERREZ AGUILLON', '7512-7579', 8),
('01450017-7', 'PEDRO APOLONIO', 'CHAVEZ  BELTRAN', '7281-3319', 8),
('01450517-7', 'PEDRO APOLONIO', 'CHAVEZ  BELTRAN', '4167-5012', 8),
('01461559-0', 'ANACLETO', 'PEREZ JUAREZ', '5048-9468', 2),
('01461857-2', 'PEDRO OBDULIO', 'PENA RICO', '5082-6511', 1),
('01469102-5', 'PABLO', 'CRUZ  VASQUEZ', '7748-8920', 8),
('01474254-1', 'TEODORO', 'VASQUEZ VENTURA', '1915-5861', 2),
('01477242-3', 'JOSE ANTONIO', 'PEREZ CRUZ', '7837-3977', 6),
('01488302-0', 'CELSO', 'MELENDEZ VIDES', '4940-4493', 4),
('01494283-2', 'MANUEL DE JESUS', 'MUNGUIA MUNGUIA', '8288-4064', 2),
('01496417-7', 'JOSE CARMEN', 'JUAREZ CRUZ', '7156-1822', 5),
('01500377-0', 'JOSE ISMAEL', 'GIRON LOPEZ', '5915-2620', 4),
('01500378-2', 'MARCOS AGUSTIN', 'COREAS', '1994-2872', 4),
('01505878-3', 'MARIA INES', 'HERNANDEZ  JUAREZ', '6741-5112', 1),
('01509248-6', 'DANIEL', 'PEREZ PEREZ', '6156-6762', 6),
('01515830-5', 'PANTALEONA', 'HERNANDEZ VIUDA DE MORALES', '6367-2586', 6),
('01520751-0', 'MANUEL ISAIAS', 'ALVARADO SANTOS', '1283-9103', 6),
('01530372-2', 'CARLOS ARMANDO', 'FLORES', '9292-7908', 7),
('01537609-2', 'JOSE ASUNCION', 'SANTOS BELTRAN', '3699-9891', 5),
('01538658-4', 'RUFINO', 'FERNANDEZ GARCIA', '4820-1802', 2),
('01541665-6', 'ALBERTO', 'RAFAEL  SANTOS', '6756-7325', 3),
('01542555-8', 'JOSE TRANSITO ASUNCION', 'AGUILAR CRUZ', '3440-6718', 6),
('01542837-8', 'HUGO ALEXANDER', 'FLORES OSORIO', '9098-7765', 2),
('01543218-0', 'MARIA FRANCISCA', 'ESTRADA VASQUEZ', '5487-6797', 2),
('01543218-1', 'LEDA LISETH', 'ESTRADA HERNANDEZ', '9512-1437', 2),
('01551675-7', 'ORLANDO', 'CRUZ', '5354-8653', 8),
('01563787-0', 'LUIS ALONSO', 'CERROS', '9262-1077', 1),
('01565354-1', 'ROSA', 'CRUZ JUAREZ', '7211-1793', 3),
('01566919-4', 'JOSE PASTOR', 'BELTRAN PREZA', '2520-1029', 5),
('01569859-1', 'MARIA ELENA', 'FABIAN DE PEREZ', '1786-1920', 7),
('01575565-2', 'RIGOBERTO', 'CAMPOS', '5137-7469', 1),
('01576174-2', 'MARIA ARACELY', 'FERNANDEZ VUIDA DE FERNANDEZ', '1650-1534', 2),
('01578063-1', 'MARTINA', 'MORALES HERNANDEZ', '3177-3742', 3),
('01581901-3', 'MARIA ROSA', 'FLORES', '5582-3261', 2),
('01582849-7', 'MARIANA', 'HERNANDEZ DELGADO', '7153-7874', 1),
('01584577-4', 'FELIPE', 'MORALES', '3642-5921', 8),
('01588018-0', 'JUAN ANTONIO', 'ALVAREZ MORALES', '8535-9869', 2),
('01588018-5', 'JUAN ANTONIO', 'ALVAREZ MORALES', '7490-4558', 7),
('01590164-3', 'JOSE ALONSO', 'NIETO NIETO', '4258-7973', 8),
('01594298-2', 'ANTONIO', 'CRUZ FERNANDEZ', '3371-1571', 5),
('01599560-0', 'ISABEL AMANDA', 'ALFARO VIUDA DE VENTURA', '8440-8879', 2),
('01600949-4', 'JOSE JOAQUIN', 'PAREDES FUNES', '4051-1669', 4),
('01602314-7', 'JOAQUIN', 'BELTRAN CRUZ', '5171-6896', 8),
('01605469-3', 'MARIA CLARA', 'CRUZ VIUDA DE VIVAS', '9745-7758', 3),
('01606523-8', 'JESSICA', 'RIVERA DE BELTRAN', '3921-7430', 5),
('01612409-0', 'MARIA ELENA', 'VALLE', '3422-7233', 8),
('01614932-5', 'JOSE ALFONSO', 'CRUZ VASQUEZ', '4594-6088', 8),
('01624964-6', 'GONZALO', 'VENTURA GOMEZ', '3726-1056', 2),
('01627832-0', 'JOSE LUIS', 'VIDES BELTRAN', '7952-7110', 5),
('01629049-3', 'JORGE', 'VASQUEZ JUAREZ', '9075-7786', 8),
('01630984-4', 'LEONICIO', 'ROSALES CRUZ', '5153-8144', 8),
('01644038-1', 'MARIA JUANA', 'DURAN DE RODRIGUEZ', '4443-9427', 2),
('01648112-5', 'IGLESIA', 'MANANTIAL DE VIDA', '9187-2381', 8),
('01648772-5', 'JOSE LUIS', 'CRUZ PEREZ', '7762-8190', 8),
('01653428-7', 'CRISTINA', 'CALDERON DE PANIAGUA', '3996-4881', 8),
('01655020-9', 'LUIS', 'VALLE LOBATO', '6434-7352', 6),
('01656466-4', 'BLANCA ELIZABETH', 'HERNANDEZ MUNGUIA', '3771-9309', 4),
('01656681-0', 'MARIA PASTORA', 'MUNGUIA DE HERNANDEZ', '9776-8913', 4),
('01658626-2', 'JESUS', 'BELTRAN JUAREZ', '4935-4300', 5),
('01675872-6', 'MARIA TERESA', 'VALLE DE FERNANDEZ', '5327-9926', 6),
('01686562-0', 'JOSE MAURO', 'GOMEZ FLORES', '2253-3511', 2),
('01694021-8', 'JOSE FERMIN', 'CRUZ', '2802-7683', 8),
('01701300-6', 'JUAN ANGEL', 'RAFAEL GOMEZ', '2901-9933', 2),
('01701300-9', 'CORNELIO', 'RAFAEL GOMEZ', '9916-3555', 2),
('01707272-5', 'CALLETANA', 'CRUZ VASQUEZ', '8472-4291', 8),
('01721201-6', 'LUIS REYES', 'HERNANDEZ CRUZ', '8194-8073', 6),
('01721909-2', 'JOSE AGUSTIN', 'CRUZ HERNANDEZ', '2730-8446', 2),
('01722204-5', 'ERNESTO', 'FERNANDEZ CRUZ', '9316-7716', 2),
('01724735-4', 'JOSE  CRUZ', 'MELENDEZ', '8237-3681', 2),
('01725907-6', 'OSCAR ALFREDO', 'MARROQUIN', '4177-6510', 6),
('01728410-2', 'MANUEL PASTOR', 'JUAREZ MEJIA', '9085-5327', 5),
('01732353-2', 'ELENA', 'HERNANDEZ VIDES', '9964-1931', 6),
('01747566-4', 'MARCELINA', 'RAFAEL MENDOZA', '7301-6155', 2),
('01754221-7', 'RUBIDIA ANTONIA', 'NAVAS GIRON', '1909-2843', 1),
('01755065-0', 'MARIA EULOGIA', 'VENTURA VDA DE CRUZ', '5620-7445', 2),
('01755065-3', 'MARIA EULOGIA', 'VENTURA', '5464-6174', 7),
('01766211-4', 'AMELIA ESTEBANA', 'URIAS', '4216-3735', 5),
('01767233-9', 'MARIA BERNARDA', 'PEREZ VIUDA DE PEREZ', '2911-9755', 5),
('01769834-3', 'JOSE FRANCISCO', 'PEREZ LOPEZ', '5178-5090', 6),
('01776056-4', 'MARIA DEL CARMEN', 'FERNANDEZ DE CRUZ', '9744-8760', 2),
('01779099-1', 'SALVADOR', 'CHAVEZ FERNANDEZ', '5555-7838', 8),
('01780069-9', 'EDUARDO', 'HERNANDEZ VASQUEZ', '1309-5105', 3),
('01791060-1', 'JOSE BENITO', 'VASQUEZ', '2020-7256', 2),
('01796969-6', 'MARIA FELIPA', 'CRUZ GOMEZ', '9198-7929', 2),
('01812132-3', 'JOSE DEMETRIO', 'DE LA CRUZ HERNANDEZ', '4750-9262', 3),
('01817991-0', 'OSCAR ALFREDO', 'PINEDA MIRANDA', '2016-2730', 8),
('01821689-3', 'BLANCA LIDIA', 'HERNANDEZ GOMEZ', '9142-7755', 2),
('01824558-2', 'MAYRA  PATRICIA', 'MUNGUIA FIGUEROA', '7520-5845', 2),
('01824558-3', 'MAYRA PATRICIA', 'MUNGUIA FIGUEROA', '4667-6128', 2),
('01829849-7', 'MARIA CLEOFAS', 'SERRANO DE PEREZ', '2447-2515', 6),
('01831493-4', 'MIGUEL ANGEL', 'CRUZ HERNANDEZ', '6442-3425', 2),
('01832983-2', 'MAURICIO', 'CRUZ VASQUEZ', '3574-3957', 5),
('01842300-9', 'FRANCISCO', 'CRUZ ROSA', '1422-7125', 8),
('01842310-0', 'FRANCISCO', 'CRUZ ROSA', '3264-5574', 8),
('01842319-9', 'FRANCISCO', 'CRUZ  ROSA', '7380-6332', 8),
('01844612-1', 'JOSE ANTONIO', 'HERNANDEZ ALFARO', '7459-1534', 1),
('01851524-7', 'JOSE NELSON', 'FERNANDEZ', '1014-8809', 3),
('01864612-9', 'JOSE AMADO', 'FERNANDEZ HERNANDEZ', '6995-9228', 2),
('01865542-9', 'GLADIS', 'PAREDES GIRON', '6011-4463', 4),
('01865543-8', 'PABLO ANGEL', 'QUEZADA', '2577-5384', 4),
('01865939-2', 'GERARDO', 'CRUZ HERNANDEZ', '9390-8059', 2),
('01869822-3', 'MIGUEL', 'JUAREZ', '7863-7535', 5),
('01885130-0', 'JOSE MARIO', 'VASQUEZ JUAREZ', '3387-5532', 5),
('01890005-2', 'JACINTO', 'VASQUEZ JUAREZ', '3441-2021', 5),
('01894273-7', 'JOSE AMILCAR', 'PEREZ', '2547-3125', 7),
('01902833-2', 'MIGUEL ANGEL', 'LOPEZ BELTRAN', '2678-3778', 6),
('01907754-3', 'BIVIANO', 'PEREZ SERRANO', '6293-1267', 6),
('01922394-0', 'NICOLAS', 'LOBATO CRUZ', '7745-4410', 2),
('01922395-0', 'NORMA GLADIS', 'RAFAEL', '7598-7164', 2),
('01931875-3', 'TOMAS', 'CRUZ HERNANDEZ', '9834-5398', 2),
('01931885-5', 'JUAN LORENZO', 'GOMEZ PEREZ', '3219-7603', 2),
('01933147-6', 'ANA GLADIS', 'PALACIOS', '9811-5069', 7),
('01933585-2', 'SILVIA LUZ CONCEPCION', 'PEREZ DE CRUZ', '9513-6796', 6),
('01934276-0', 'JOAQUIN', 'VIDES LOPEZ', '5088-2784', 5),
('01935830-5', 'OSCAR ORLANDO', 'QUEZADA', '1223-6403', 7),
('01946825-7', 'MARIA ANGELA', 'MUNGUIA VDA  DE CRUZ', '8086-1961', 2),
('01953080-3', 'CONCEPCION', 'BELTRAN VASQUEZ', '7239-1972', 5),
('01956501-7', 'JOSE FRANCISCO', 'CRUZ CHAVEZ', '3240-8221', 8),
('01956711-1', 'FRANCISCO ALONSO', 'HERNANDEZ LOPEZ', '7991-5378', 8),
('01957604-2', 'SALVADOR', 'CORNEJO', '2325-7921', 4),
('01959012-8', 'MAURICIO', 'ROJAS', '3732-9629', 5),
('01960489-5', 'FRANCISCA', 'MUNGUIA', '1366-1721', 4),
('01962021-0', 'GUADALUPE', 'AGUILAR VASQUEZ', '7387-9002', 5),
('01963012-0', 'SALVADOR', 'AGUILAR  VASQUEZ', '4583-9700', 5),
('01968359-8', 'JUAN JOSE', 'FERNANDEZ GARCIA', '3401-4221', 2),
('01970011-1', 'HIGINIO', 'CHAVEZ LOPEZ', '6743-1822', 5),
('01970011-9', 'MARIA CONCEPCION', 'CRUZ', '9264-5392', 5),
('01970012-8', 'OCTACIANO', 'JUAREZ', '2002-4663', 5),
('01970101-5', 'SANTOS', 'PEREZ VIDES', '2446-3515', 5),
('01971012-1', 'JOSE MARIA', 'PEREZ BELTRAN', '9644-4294', 5),
('01971050-6', 'JESUS', 'HERNANDEZ JUAREZ', '7227-6025', 5),
('01971051-1', 'JOSE FRANCISCO', 'CRUZ MARROQUIN', '6968-3811', 5),
('01971090-2', 'JOSE ANGEL', 'VIDES AGUILAR', '1307-7699', 5),
('01971112-1', 'JOSE CLEMENTE', 'BELTRAN HERNANDEZ', '6770-4766', 5),
('01972013-0', 'JOSE  FRANCISCO', 'CHAVEZ', '8813-3083', 5),
('01972020-1', 'ISMAEL', 'SANTOS JUAREZ', '1772-6712', 5),
('01972030-2', 'ELENO', 'PEREZ CRUZ', '9149-2827', 5),
('01972031-0', 'GUADALUPE', 'AGUILAR VASQUEZ', '3133-7649', 5),
('01972033-0', 'RUFINO', 'PEREZ ALVARADO', '2393-2429', 5),
('01973031-2', 'SANTOS', 'BELTRAN PREZA', '2601-3495', 5),
('01973040-4', 'RAUL', 'RAMOS RIVERA', '8051-3154', 5),
('01973445-4', 'VICTOR MANUEL', 'ZELADA CRUZ', '5205-5716', 5),
('01974021-3', 'VILMA GUADALUPE', 'BELTRAN', '5092-2933', 5),
('01974273-2', 'ISABEL', 'PEREZ PEREZ', '6194-2118', 6),
('01975031-2', 'ROSARIO', 'CHAVEZ LOPEZ', '9025-6549', 5),
('01976081-9', 'FABIO', 'MORALES', '6083-7255', 5),
('01977848-2', 'CRECENCIO', 'FERNANDEZ GARCIA', '7933-2608', 2),
('01977918-3', 'MARIA MERCEDES', 'MUNGUIA FERNANDEZ', '2971-9662', 2),
('01978069-1', 'SIMON PORFIRIO', 'PEREZ VASQUEZ', '7230-9835', 2),
('01980012-9', 'ANDRES', 'VASQUEZ SANTOS', '7197-3616', 5),
('01980021-3', 'CARLOS HERNESTO', 'ROSA', '6753-2691', 5),
('01982381-3', 'FAUSTO', 'GOMEZ', '7222-2630', 1),
('01985577-1', 'JOSE EMERITO', 'HERNANDEZ GOMEZ', '3854-2905', 2),
('01991139-9', 'MIGUEL ANGEL', 'CHAVEZ VASQUEZ', '5632-6991', 8),
('01996012-0', 'CLUB DEPORTIVO', 'EL CARMEN', '7535-3617', 5),
('02003052-0', 'MARIA CRISTINA', 'MUNGUIA ESTRADA', '6862-3758', 2),
('02006602-6', 'ROBERTO', 'MUNGUIA CRUZ', '5938-6587', 2),
('02009049-9', 'MARIA ESTANISLAA', 'HERNANDEZ RAFAEL', '1739-4726', 6),
('02012339-9', 'SATURNINO', 'CRUZ', '5273-2277', 2),
('02017615-6', 'FLORENTINO', 'SANTOS BELTRAN', '6532-7266', 5),
('02031914-4', 'ANCELMO', 'FERNANDEZ CRUZ', '7849-8713', 6),
('02039918-6', 'NIEVES', 'LOPEZ CARPIO', '8691-2531', 4),
('02040353-7', 'CRISTOBAL', 'PEREZ PEREZ', '7336-2280', 6),
('02046018-1', 'GERONIMO', 'GARCIA PAREDES', '4930-8450', 2),
('02046318-9', 'MARIA DORA', 'CRUZ DE PEREZ', '6281-7427', 2),
('02050463-4', 'AMPARO BEATRIZ', 'GIMENEZ DE MUNGUIA', '8025-4893', 7),
('02070436-5', 'JOSE LUCAS', 'SANCHEZ  CRUZ', '3097-5377', 3),
('02074399-5', 'SAUL FLORENTINO', 'BELTRAN CRUZ', '2575-4174', 5),
('02075942-0', 'NEMECIO', 'RUIZ', '9023-7494', 8),
('02086058-5', 'MARIA ANGELA', 'CRUZ DE RUIZ', '7424-6163', 8),
('02086832-1', 'ROSA MARIA', 'CRUZ PEREZ', '7273-5165', 2),
('02094743-4', 'MARIA HERMELINDA', 'HERNANDEZ  VDA DE VENTURA', '8374-2253', 7),
('02096817-1', 'MERCEDES', 'DE LA CRUZ VIVAS', '5003-2350', 3),
('02108415-8', 'POLICARPO', 'ROSALES JUAREZ', '9824-5905', 8),
('02115169-6', 'ANGEL', 'BELTRAN JUAREZ', '3817-1884', 8),
('02118863-5', 'BRUNA', 'VASQUEZ VIUDA DE RAFAEL', '1196-5520', 3),
('02120743-9', 'MIGUEL ANGEL', 'CRUZ MARROQUIN', '8053-2845', 5),
('02122334-6', 'BASILIO', 'FERNANDEZ PEREZ', '3855-5346', 7),
('02123705-2', 'RAFAEL', 'VENTURA VASQUEZ', '6471-3043', 1),
('02125866-8', 'FLORENTINO', 'BELTRAN JUAREZ', '6736-3753', 5),
('02133271-3', 'MARTINA', 'GUTIERREZ CRUZ', '2220-9415', 8),
('02137015-1', 'MIGUEL ANGEL', 'MARROQUIN', '5917-5432', 8),
('02139622-0', 'JOSE RAFAEL', 'CRUZ HERNANDEZ', '7214-2828', 7),
('02139622-1', 'JOSE RAFAEL', 'CRUZ HERNANDEZ', '8612-3065', 7),
('02139764-0', 'DIONISIO', 'HERNANDEZ PEREZ', '3402-1373', 6),
('02140615-6', 'SERAFIN', 'VASQUEZ GUTIERREZ', '4227-6538', 8),
('02141302-2', 'MARIA ALICIA', 'HERNANDEZ DE CRUZ', '1245-8649', 3),
('02141838-1', 'JOSE FIDEL', 'VENTURA FERNANDEZ', '9023-6154', 2),
('02148516-8', 'JOSE  ORLANDO', 'MONTERROSA HERNANDEZ', '3368-3620', 5),
('02149934-5', 'JESUS', 'VASQUEZ VENTURA', '6075-7274', 2),
('02160567-9', 'ROSARIO', 'PEREZ VIVAS', '4689-1064', 3),
('02160693-4', 'ORLANDO', 'CRUZ ESCOBAR', '3447-5100', 8),
('02172136-0', 'PEDRO', 'RUIZ HERNANDEZ', '4725-6176', 6),
('02172626-3', 'CALIXTA', 'GOMEZ VIUDA. DE RAFAEL', '8693-4858', 7),
('02174223-7', 'PAULINO', 'HERNANDEZ GOMEZ', '1366-9470', 2),
('02175038-5', 'MIGUEL ANGEL', 'GOMEZ RAMOS', '3231-6244', 2),
('02176636-0', 'PEDRO', 'RUIZ HERNANDEZ', '1470-3639', 6),
('02183147-4', 'ALONSO RODRIGO', 'HERNANDEZ RAFAEL', '7770-7975', 6),
('02183553-3', 'FRANCISCO', 'VASQUEZ PEREZ', '8150-4456', 6),
('02187402-4', 'MARIA NARCISA', 'PEREZ PREZA', '4736-4637', 6),
('02189751-9', 'CIRILO', 'PALACIOS RUIZ', '8385-8344', 6),
('02196016-8', 'JOSE', 'RAFAEL HERNANDEZ', '3307-8856', 6),
('02196078-6', 'BLANCA ELIZABETH', 'JUAREZ  BELTRAN', '7683-1189', 6),
('02196910-4', 'PASCUAL', 'FERNANDEZ HERNANDEZ', '2344-8582', 6),
('02197176-1', 'ROSARIO', 'PEREZ PEREZ', '7289-4398', 4),
('02197301-4', 'PABLO', 'CRUZ HERNANDEZ', '4716-1908', 4),
('02197301-6', 'PABLO', 'CRUZ HERNANDEZ', '7493-7860', 4),
('02202285-8', 'JOSE SABINO', 'RAFAEL VALLE', '8542-3259', 3),
('02203025-9', 'NAZARIO', 'JUAREZ GUTIERREZ', '5087-9739', 8),
('02203158-5', 'FAUSTINO', 'GOMEZ GARCIA', '7568-8773', 2),
('02204971-1', 'JULIO CESAR', 'ALVARADO', '7291-5384', 8),
('02206422-4', 'MARIA PETRONILA', 'DIAZ CRUZ', '8298-2530', 7),
('02213300-7', 'MARIA ELENA', 'PEREZ DE FERNANDEZ', '3881-4009', 6),
('02217609-7', 'JOSE CANDIDO', 'FERNANDEZ VIDES', '6852-8674', 2),
('02229907-3', 'PEDRO LUCIO', 'RAFAEL VALLE', '9803-1062', 6),
('02230374-1', 'JOSE ANTONIO', 'CHAVEZ VALLE', '8466-5614', 8),
('02232634-1', 'RAMIRO', 'MORALES CRUZ', '1650-9786', 8),
('02242122-9', 'MIRIAM ANABEL', 'PEREZ PENA', '3664-9380', 6),
('02247371-6', 'ROSELIA', 'HENRIQUEZ DE JUAREZ', '8645-1012', 6),
('02252368-4', 'FELICITA', 'HERNANDEZ VIUDA DE PEREZ', '9622-1381', 1),
('02255164-5', 'JOSE HUMBERTO', 'CAMPOS CHACON', '4585-6792', 1),
('02256132-3', 'MIGUEL ANGEL', 'BELTRAN CRUZ', '9606-2043', 5),
('02258595-3', 'JOSE ALONSO', 'CRUZ LOPEZ', '1654-5130', 8),
('02264045-2', 'MARIA BEATRIZ', 'GUTIERREZ', '4435-5567', 8),
('02266879-3', 'RAFAEL', 'CRUZ GOMEZ', '3180-5836', 2),
('02280079-3', 'MARIA PAZ', 'RAFAEL DE GOMEZ', '1679-6877', 2),
('02282133-3', 'MARIA RAFAELA', 'CHAVEZ  BELTRAN', '3704-1433', 5),
('02286033-7', 'LUCIANO', 'GARCIA VALLE', '5241-8706', 7),
('02287674-4', 'JUAN PABLO', 'PEREZ', '2587-5519', 5),
('02290714-7', 'MANUEL', 'VASQUEZ JUAREZ', '8222-6990', 8),
('02294899-9', 'JUAN', 'RAFAEL PEREZ', '3135-5881', 6),
('02297399-4', 'MARIA SANTOS', 'GONZALEZ VASQUEZ', '4855-7470', 6),
('02298057-7', 'SERGIO', 'SANTOS CRUZ', '7631-2675', 8),
('02302892-0', 'ARNULFO HENRY', 'SELVA CERROS', '8236-4477', 4),
('02302893-0', 'JOSE CELESTINO', 'FABIAN', '3600-8026', 4),
('02305333-1', 'MANUEL ANTONIO', 'BELTRAN BELTRAN', '2030-4878', 5),
('02307472-7', 'CARLOS ALBERTO', 'BELTRAN HERNANDEZ', '5810-8744', 8),
('02312768-5', 'JOSE TITO', 'TOBAR RODRIGUEZ', '3917-2817', 6),
('02323390-7', 'CRISTINA', 'FERNANDEZ VASQUEZ', '6098-6134', 4),
('02324875-8', 'SATURNINO', 'CRUZ JUAREZ', '3802-8124', 3),
('02330355-8', 'NICOLAS', 'CRUZ GALVEZ', '9469-3592', 6),
('02331442-8', 'MARIA ISABEL', 'HERNANDEZ CRUZ', '2563-7860', 5),
('02331661-6', 'FLORENTINA', 'FERNANDEZ DE CRUZ', '3446-9021', 2),
('02334654-8', 'MARIA FRANCISCA', 'ESTRADA VENTURA', '4180-1512', 2),
('02336600-1', 'JOSE PEDRO', 'HERNANDEZ VIDES', '9428-9925', 4),
('02338936-8', 'FLORENTINO', 'BELTRAN HERNANDEZ', '2441-1465', 5),
('02340014-7', 'MARIA ANGELA', 'ROSA DE RAMIREZ', '5843-8072', 8),
('02340170-4', 'FELIPE', 'HERNANDEZ HERNANDEZ', '6948-4454', 1),
('02341914-7', 'JOSE MAGNO', 'GUTIERREZ', '5378-3037', 8),
('02342489-1', 'ANA ARACELY', 'SIBRIAN DE BERRIOS', '8863-6716', 5),
('02347563-0', 'JOSE LEONEL', 'LOPEZ', '8807-6788', 6),
('02354302-7', 'MARIA DEL SOCORRO', 'CHAVEZ', '5944-7312', 8),
('02379008-0', 'RAFAEL', 'BELTRAN PEREZ', '7886-1570', 5),
('02384024-1', 'IVAN VLADIMIR', 'JUAREZ TURCIOS', '4330-9412', 8),
('02388204-9', 'SANDRA PATRICIA', 'ORELLANA CRUZ', '8402-1599', 8),
('02388793-4', 'JOSE ANDRES', 'SANCHEZ', '9685-7025', 8),
('02389983-4', 'SANTOS ERNESTO', 'VASQUEZ MUNGUIA', '3588-6402', 2),
('02393540-2', 'MARIA PILAR', 'MELENDEZ DE ALVARADO', '5283-6644', 2),
('02394553-8', 'JOSE MARIANO', 'SANCHEZ CRUZ', '8858-4883', 3),
('02394602-1', 'OSCAR ARMANDO', 'HERNANDEZ', '2565-8449', 1),
('02396531-8', 'JOSE GILBERTO', 'FERNANDEZ', '3270-5062', 2),
('02401748-5', 'CLAUDIO ALONSO', 'VASQUEZ  VALLE', '3821-7692', 2),
('02402226-0', 'LORENA ESTELA', 'GARCIA DE CRUZ', '5866-1995', 2),
('02403495-8', 'TOMASA', 'JUAREZ', '4195-3965', 3),
('02403567-9', 'JOSE LUIS', 'VASQUEZ', '9458-8516', 1),
('02407767-1', 'ARTURO ARMANDO', 'BELTRAN HERNANDEZ', '2425-3657', 8),
('02413125-5', 'CARLOS', 'HERNANDEZ CRUZ', '3012-9142', 8),
('02413260-9', 'SANTOS', 'VASQUEZ JUAREZ', '2638-2452', 8),
('02414035-1', 'JOSE RENE', 'CRUZ VASQUEZ', '3315-8626', 8),
('02443202-5', 'IRMA', 'MUNGUIA HERNANDEZ', '6119-6531', 1),
('02451148-9', 'JOSE BRIGIDO', 'AGUILLON CHAVEZ', '1057-2338', 8),
('02455042-5', 'MARIA CONCEPCION', 'SIGUENZA FLORES VDA DE QUEZADA', '9851-7861', 4),
('02455043-6', 'ABRAHAM', 'ZAMORA FLORES', '3555-9143', 4),
('02469398-0', 'MARIA ADELINA', 'CRUZ DE PEREZ', '3117-2491', 5),
('02472884-0', 'ORLANDO', 'TORRES', '4903-5405', 1),
('02500042-3', 'CONCEPCION', 'PEREZ MARROQUIN', '8163-7671', 6),
('02503529-0', 'JULIAN', 'GARCIA CRUZ', '6536-4789', 2),
('02511083-8', 'HILARIO', 'HERRERA HERNANDEZ', '2243-3812', 1),
('02517022-8', 'HERMENEGILDO', 'GARCIA GOMEZ', '3562-6440', 7),
('02517412-2', 'ALEJANDRO', 'LOBATO', '4700-6162', 2),
('02519654-1', 'JOSE BERNALDINO', 'CRUZ CAMPOS', '6179-6871', 2),
('02522628-6', 'ANA CECILIA', 'MARTINEZ  ARIAS', '6831-1027', 2),
('02530990-8', 'MARIA DORA', 'CRUZ VASQUEZ', '9614-4713', 8),
('02533007-0', 'JOSE ANTONIO', 'RAFAEL CAMPOS', '5150-3760', 6),
('02534133-2', 'MARIA CONCEPCION', 'LOPEZ BELTRAN', '3140-7867', 5),
('02538760-5', 'JOSE ORLANDO', 'CRUZ FERNANDEZ', '1993-1655', 8),
('02548386-7', 'ORLANDO', 'FERNANDEZ VENTURA', '8674-7898', 2),
('02554100-5', 'MARIA DE JESUS', 'ALFARO HERNANDEZ', '7240-8232', 2),
('02555430-9', 'SILVESTRE', 'VENTURA CRUZ', '5697-7022', 2),
('02556574-0', 'ORBELINA', 'SANCHEZ DE GONZALEZ', '2860-4981', 8),
('02565842-0', 'ANTONIO', 'GIRON PEREZ', '6718-8317', 1),
('02569831-5', 'MARIO NELSON', 'BELTRAN', '1587-5642', 6),
('02572922-1', 'NARCISA', 'PEREZ LOPEZ', '8604-1506', 6),
('02573966-6', 'MARIA BIVIANA', 'FERNANDEZ ESTRADA', '2333-9289', 2),
('02574270-8', 'MARIA ANGELICA', 'PALACIOS HERRERA', '6112-2528', 1),
('02579722-4', 'MARIA SANTOS', 'JUAREZ BELTRAN', '2594-8089', 5),
('02582446-1', 'SANTIAGO', 'VASQUEZ ASENCIO', '9065-7705', 5),
('02589082-8', 'JOSE MARDOQUEO', 'VASQUEZ CRUZ', '5851-1231', 8),
('02612338-9', 'ARTURO', 'CRUZ GOMEZ', '2274-6937', 2),
('02614878-0', 'MARIA SANTOS', 'ALFARO HERNANDEZ', '9699-7205', 2),
('02628252-5', 'CARLOS WILIAM', 'HERNANDEZ HERNANDEZ', '8893-7110', 1),
('02636927-8', 'CATALINA', 'GOMEZ MUNGUIA', '3402-9256', 2),
('02650425-0', 'MARIA REYES', 'LOPEZ DE PEREZ', '9572-4902', 5),
('02651712-2', 'JOSE GONZALO', 'CHAVEZ PEREZ', '7382-5375', 5),
('02667200-3', 'ANA GLORIA', 'CHAVEZ DE LOPEZ', '9855-8151', 8),
('02667783-3', 'FELICITA', 'FERNANDEZ VASQUEZ', '5743-2575', 4),
('02670144-6', 'FRANCISCO', 'HERNANDEZ CRUZ', '7359-8338', 6),
('02670359-5', 'JOSE LUCIO', 'VALLE RAFAEL', '3864-9957', 3),
('02670519-9', 'JULIAN', 'CARBAJAL VENTURA', '7950-7482', 1),
('02675549-5', 'ABEL ENRIQUE', 'HERNANDEZ GOMEZ', '5628-8869', 2),
('02683308-1', 'ROGELIO WALTER ANTONIO', 'PAREDES GARCIA', '8713-5334', 4),
('02692081-2', 'JOSE LEONEL', 'JUAREZ', '4451-7207', 6),
('02692444-2', 'JOSE DOLORES', 'CHAVEZ CARPIO', '5785-9583', 8),
('02695560-5', 'CRUZ', 'LOPEZ VIUDA DE GUTIERREZ', '7115-5603', 8),
('02700285-3', 'JOSE JUAN ANTONIO', 'HERNANDEZ VALLE', '3955-2921', 6),
('02701586-4', 'ELMER ALFREDO', 'MEJIA FABIAN', '4298-9588', 4),
('02711112-3', 'VIDAL', 'HERNANDEZ HERNANDEZ', '3122-9936', 6),
('02721585-4', 'ALFREDO', 'MEJIA', '5344-8925', 4),
('02721587-4', 'JOSE LUIS', 'PAREDES GIRON', '4187-6913', 4),
('02721588-4', 'MARIA LIDIA', 'FABIAN', '9868-4867', 4),
('02737318-1', 'BERNARDO', 'FERNANDEZ', '4336-4235', 6),
('02754939-2', 'SANTOS  REYES', 'BELTRAN  VASQUEZ', '5933-3325', 5),
('02756382-5', 'NATIVIDAD DE JESUS', 'CRUZ', '2977-2411', 8),
('02785888-0', 'MARIA CARMEN', 'PEREZ DE MUNOZ', '2883-5224', 2),
('02796693-4', 'ISMAEL', 'LOBATO CRUZ', '4253-4464', 2),
('02801650-4', 'JOSE CIRIACO', 'BARRERA HERNANDEZ', '6137-8444', 6),
('02812882-2', 'JOSE EULALIO', 'FERNANDEZ ESTRADA', '1928-4147', 2),
('02812992-2', 'MIGUEL ANGEL', 'FERNANDEZ ESTRADA', '6300-4671', 2),
('02829306-7', 'MAURA', 'HERNANDEZ ROSA', '6740-1810', 8),
('02868030-3', 'JOSE BENITO', 'RAYMUNDO GOMEZ', '9789-5117', 3),
('02878031-5', 'ROBERTO', 'HERNANDEZ PAREDES', '2178-9432', 4),
('02884927-6', 'JOSE PEPE', 'CARBAJAL HERNANDEZ', '9358-4983', 1),
('02893573-2', 'MIGUEL ANGEL', 'GARCIA PAREDES', '1683-5681', 2),
('02895587-4', 'JULIA OLIVIA', 'RAMIREZ', '5510-9117', 7),
('02899211-6', 'JUAN CARLOS', 'VALLE', '8362-1896', 8),
('02903148-3', 'MARIA PASTORA', 'TURCIOS', '9210-1815', 2),
('02908329-5', 'MARIA TIBURCIA', 'VASQUEZ ESTRADA', '9272-8875', 2),
('02908391-0', 'JOSE BARBARO', 'PEREZ GARCIA', '1830-3619', 7),
('02908905-1', 'MARIA LUISA', 'ROSA', '9880-9262', 2),
('02922792-0', 'JOSE DAVID', 'FERNANDEZ CRUZ', '8108-2511', 2),
('02933937-3', 'JOSE BENITO', 'HERNANDEZ BARRERA', '4067-1566', 6),
('02935404-4', 'CONCEPCION', 'FLAMENCO PEÃ‘A', '8590-9184', 4),
('02944289-7', 'NICOLAS', 'VASQUEZ PEREZ', '1302-8222', 3),
('02973771-3', 'EUGENIO', 'VASQUEZ VALLE', '2121-2884', 2),
('02982830-2', 'MARIO', 'PAREDES ALVAREZ', '4435-1084', 4),
('02984912-0', 'MANUEL DE JESUS', 'PEREZ SANDOVAL', '4254-9507', 7),
('02997136-7', 'GLADIS GUADALUPE', 'JUAREZ', '5433-8573', 3),
('03000901-6', 'TERESA DE JESUS', 'CHACON', '4147-5860', 4),
('03005845-7', 'MARIA GUADALUPE', 'GOMEZ PEREZ', '5243-7853', 2),
('03030801-4', 'REINALDO', 'PEREZ CRUZ', '8489-7169', 7),
('03037501-2', 'MARIA JOSEFA', 'LOPEZ DE JUAREZ', '9647-6796', 6),
('03038543-0', 'SANDRA MARITZA', 'PAREDES', '9379-9176', 4),
('03038545-0', 'PABLO ANGEL', 'QUEZADA', '3908-1879', 4),
('03043200-9', 'JOSE LUIS EDUARDO', 'RODRIGUEZ', '6039-3360', 6),
('03079093-6', 'MARTINA', 'LOBATO', '2003-4280', 2),
('03079094-6', 'FELIX', 'PINEDA TORRES', '5332-2934', 2),
('03079726-3', 'MARIA AZUCENA', 'FERNANDEZ DE PEREZ', '4227-9339', 2),
('03090819-9', 'JOSE DE LA O', 'LOPEZ CRUZ', '4329-5416', 6),
('03090900-6', 'MARIA DE JESUS', 'CHACON', '5224-5793', 4),
('03090901-6', 'CARLOS ANTONIO', 'HERNANDEZ CRUZ', '9002-6368', 4),
('03091982-1', 'MANUEL DE JESUS', 'MORAN MENDOZA', '4423-7426', 3),
('03097287-1', 'MARIA MAGDALENA', 'MORALES VIUDA DE CHAVEZ', '2013-3493', 8),
('03119937-9', 'MARIA CELSA', 'ESTRADA DE VASQUEZ', '8539-6631', 2),
('03127703-8', 'MARIA MARTA', 'TURCIOS DE GOMEZ', '8966-9422', 2),
('03127969-0', 'MANUELA', 'ALFARO HERNANDEZ', '5748-7196', 7),
('03128245-7', 'JOSE MONGES', 'VASQUEZ VASQUEZ', '2346-6306', 5),
('03136044-1', 'JOSE EVARISTO', 'RAFAEL CAMPOS', '5825-5360', 7),
('03138899-4', 'JOSE RODRIGO', 'CRUZ', '4136-7354', 8),
('03142189-9', 'CRUZ', 'VENTURA GOMEZ', '9435-2975', 2),
('03145976-1', 'DINORA MARIBEL', 'PENA DE BELTRAN', '7589-7955', 5),
('03149579-1', 'MAURICIO', 'HERNANDEZ MARROQUIN', '3841-4228', 6),
('03165256-3', 'MARIA CONCEPCION', 'GUTIERREZ DE CHAVEZ', '2598-9626', 8),
('03171311-5', 'MARIA ANTONIA', 'GUTIERREZ DE CRUZ', '8938-6495', 8),
('03171945-4', 'MARIA ROSA', 'CHACON DE CAMPOS', '6426-5965', 1),
('03184922-5', 'MARIANO', 'CRUZ  LOBATO', '4796-1502', 2),
('03189656-5', 'ALFONSO', 'GARCIA VASQUEZ', '5775-5170', 8),
('03190383-3', 'ESTEBAN', 'FERNANDEZ MUNGUIA', '4843-6279', 7),
('03190512-8', 'JOSE ELIGIO', 'VASQUEZ VALLE', '1395-3954', 2),
('03194815-0', 'CELSA', 'VENTURA VIUDA DE PEREZ', '3759-8562', 1),
('03201748-6', 'FAUSTINO', 'VASQUEZ VASQUEZ', '1526-7776', 8),
('03202622-8', 'GUADALUPE', 'HERNANDEZ', '1841-2005', 1),
('03205695-6', 'MARIA SOCORRO', 'VALLE DE CRUZ', '6120-8039', 3),
('03205698-1', 'FLORENCIO', 'CRUZ GARCIA', '7943-8367', 3),
('03206877-5', 'MARIA ISABEL', 'CRUZ VDA DE RAYMUNDO', '6705-8158', 2),
('03209886-9', 'MARIA SEBASTIANA', 'RAFAEL SANTOS', '4280-1062', 3),
('03217272-8', 'MARIA YOLANDA', 'HERNANDEZ', '3711-6375', 2),
('03218440-8', 'CARLOS', 'BELTRAN MARTINEZ', '6734-3099', 5),
('03221745-5', 'LEONCIA', 'JUAREZ  DE VASQUEZ', '4156-3887', 8),
('03222164-0', 'RAFAEL', 'VIDES AGUILAR', '8864-3435', 6),
('03222188-6', 'JOSE ELIAS', 'VASQUEZ GOMEZ', '5951-9473', 1),
('03224356-1', 'MARIA ROSA', 'RAMIREZ HERNANDEZ', '1170-5920', 3),
('03230036-3', 'LUIS', 'HERNANDEZ PEREZ', '3939-5278', 6);
INSERT INTO `personas` (`idPersona`, `nombre`, `apellidos`, `telefono`, `idCanton`) VALUES
('03261207-9', 'JOSE ANGEL', 'PEREZ JUAREZ', '9430-7140', 5),
('03263661-7', 'JOSE RODRIGO', 'CRUZ  VASQUEZ', '5628-9204', 8),
('03287349-7', 'MARIA TELIA', 'HERNANDEZ DE DIAZ', '8181-2963', 4),
('03312000-9', 'JOSE ANGEL', 'PEREZ PREZA', '7067-2198', 6),
('03338970-8', 'JOSE SAUL', 'PALACIOS PEREZ', '9437-1445', 6),
('03344315-6', 'ANA MARIA HELIA', 'HERNANDEZ', '1279-6962', 6),
('03413770-8', 'TERESA DE JESUS', 'MUNGUIA DE GOMEZ', '2694-5541', 2),
('03419146-9', 'MARIA HERIBERTA', 'PAREDES PAREDES', '4520-8213', 4),
('03436681-0', 'CLEMENTE', 'PEREZ  JUAREZ', '1026-7125', 6),
('03447797-0', 'FRANCISCA', 'HERNANDEZ  VIUDA DE FERNANDEZ', '2713-5296', 5),
('03469227-9', 'CLUB DEPORTIVO', 'PARMA', '1415-6489', 1),
('03491114-4', 'FAUSTINO', 'FERNANDEZ', '6617-5448', 2),
('03493383-7', 'EMERITO', 'LOBATO VENTURA', '8083-3008', 1),
('03495755-6', 'DORA ALICIA', 'CRUZ JUAREZ', '2424-5924', 8),
('03523342-6', 'MARIO DE JESUS', 'PREZA', '3060-1356', 7),
('03523541-5', 'JOSE GERONIMO', 'BOLANOS', '1282-9799', 7),
('03543532-9', 'JAIME RODOLFO', 'VALLE CRUZ', '1063-2766', 6),
('03639924-1', 'PEDRO', 'GARCIA HERMENEGILDO', '9497-4310', 2),
('03651947-7', 'CONCEPCION', 'VASQUEZ HERNANDEZ', '9960-3742', 8),
('03695411-4', 'MARIA GENOE', 'GARCIA VASQUEZ', '8500-5336', 2),
('03713600-2', 'LUCIANO', 'VIDES AGUILAR', '9307-9169', 5),
('03716241-9', 'JESUS AMADO', 'PEREZ CRUZ', '9240-2525', 6),
('03716664-9', 'JESUS AMADO', 'PEREZ CRUZ', '7093-4138', 5),
('03741555-3', 'JUAN CARLOS', 'HERNANDEZ LOBATO', '8457-6192', 2),
('03744848-3', 'JUAN CARLOS', 'FERNANDEZ PEREZ', '1249-7595', 6),
('03827974-8', 'ROSA YAMILET', 'VASQUEZ DE CHAVEZ', '5578-9350', 8),
('03842573-9', 'SANTOS', 'AGUILAR VASQUEZ', '3374-9581', 5),
('03849715-0', 'FLORIDALMA', 'MARADIAGA MORENO', '9494-1353', 8),
('03849715-1', 'FRANCISCO ANTONIO', 'MORALES VALLE', '2455-5230', 8),
('03850050-5', 'VERONICA YANETH', 'LOVATO VENTURA', '2678-6268', 2),
('03877161-9', 'JOSE LUIS', 'VALLE VIVAS', '6005-1262', 3),
('03895586-3', 'SANTOS', 'MELENDEZ MUNGUIA', '1127-8011', 7),
('03940984-1', 'WILMAR ARCENIO', 'HERNANDEZ CRUZ', '2667-6305', 8),
('03961885-6', 'MARIA MAGDALENA', 'VALLE DE CRUZ', '6641-6666', 8),
('03973540-4', 'REINA ISABEL', 'VASQUEZ  DIAZ', '2165-5816', 7),
('03980410-6', 'ANA VILMA', 'CHAVEZ PEREZ', '2375-4600', 8),
('04031800-4', 'JUAN', 'CRUZ HERNANDEZ', '5222-5856', 3),
('04031874-4', 'GONZALO', 'CRUZ VIVAS', '2991-7474', 3),
('04059611-4', 'CRISTINO', 'CRUZ', '7930-8333', 8),
('04071916-0', 'JOSE ISRAEL', 'CRUZ RAMIREZ', '7112-8163', 3),
('04104232-0', 'MARLON WILFREDO', 'PEREZ  JUAREZ', '1135-9371', 6),
('04115388-8', 'JOSE BALMORE', 'PEREZ', '2148-1456', 6),
('04227144-3', 'JOSE MAGDALENO', 'VALLE GUTIERREZ', '9659-8429', 8),
('04241668-7', 'DIMAS', 'PINEDA BARRERA', '5371-9052', 8),
('04276339-3', 'JULIAN', 'HERNANDEZ FERNANDEZ', '5051-4067', 6),
('04351215-1', 'LISETH CAROLINA', 'CRUZ ROSA', '4573-1460', 7),
('04500042-3', 'MANUEL DE JESUS', 'MARROQUIN PEREZ', '9781-6802', 6),
('04687062-1', 'FELICITA', 'MOLINA PALACIOS', '1000-5252', 8),
('04687101-7', 'SERAFIN', 'CRUZ HERNANDEZ', '3342-3076', 2),
('04720402-7', 'JOSE MARTIN', 'LOPEZ LOPEZ', '3730-9670', 6),
('05041702-6', 'JULIO ALFREDO', 'FLORES', '7803-1748', 2),
('07051706-9', 'CENTRO ESCOLAR', 'CANTON SAN MARTIN', '9801-8922', 2),
('07750709-1', 'VICENTE', 'VASQUEZ CRUZ', '8720-3892', 8),
('08041107-5', 'MARIA SANTOS', 'MORALES', '3529-4688', 4),
('09078118-9', 'MAURICIO SALVADOR', 'PREZA JUAREZ', '9622-3027', 6),
('09801012-1', 'JOSE DEMETRIO', 'VENTURA', '7948-8579', 2),
('13121967-0', 'LUCIA', 'CRUZ SIGUENZA', '4492-8589', 7),
('16046607-0', 'CLEMENCIA', 'JUAREZ DE GUTIERREZ', '2311-5796', 6),
('18021973-0', 'SANTOS EVARISTO', 'RAFAEL', '4581-7158', 3),
('19021948-0', 'FERNANDO', 'HERNANDEZ GARCIA', '7556-9085', 3),
('19022012-1', 'JUAN ANTONI0', 'FERNANDEZ RUIZ', '3509-4904', 3),
('19301216-0', 'JOSE DANILO', 'CRUZ CRUZ', '1455-2670', 8),
('19311218-0', 'MARIA TERESA', 'RAFAEL SANTOS', '1281-7990', 3),
('19330720-0', 'LORENZO', 'SANTOS JUAREZ', '6603-6891', 8),
('19331012-0', 'JESUS', 'FLORES', '1677-3960', 7),
('19370516-0', 'ORLANDO', 'CRUZ PEREZ', '1031-9978', 8),
('19391036-0', 'ADAN', 'CRUZ GUTIERREZ', '8049-3481', 8),
('19400806-0', 'RAMON ERNESTO', 'GUTIERREZ', '6828-4623', 8),
('19431202-0', 'MATEO', 'CARPIO', '2275-4989', 8),
('19440525-0', 'MARIA SANTOS', 'VIVAS PEREZ', '3168-6803', 3),
('19451110-2', 'HORTENCIA', 'ARDON VIUDA DE QUEZADA', '8309-7265', 4),
('19461215-1', 'JOSE SALVADOR', 'HERNANDEZ', '7770-7982', 7),
('19471612-0', 'AGUSTINA', 'CHAVEZ CARPIO', '9151-9384', 8),
('19481012-1', 'MARIA ANGELICA', 'CORNEJO', '6504-7477', 4),
('19500212-0', 'DOMINGO', 'PALACIOS RUIZ', '7145-4249', 6),
('19500213-0', 'JOSE ALFREDO', 'VASQUEZ PEREZ', '7662-3400', 6),
('19500412-0', 'MARIA EVELINDA', 'SERRANO', '1409-1665', 8),
('19500412-1', 'ANDRES', 'PEREZ', '3989-3780', 7),
('19500719-0', 'VICTOR MANUEL', 'CRUZ', '3660-9832', 7),
('19501011-0', 'SANDRA DEL CARMEN', 'SANTOS PEREZ', '3784-8745', 6),
('19501011-1', 'FRANCISCO', 'PEREZ MARROQUIN', '4103-3077', 7),
('19501112-0', 'ADRIAN', 'LOPEZ', '3986-1441', 6),
('19510108-0', 'JOSE FELIPE', 'PEREZ BELTRAN', '6117-6856', 6),
('19510807-1', 'MARIA DOMINGA', 'CORNEJO', '1025-8471', 7),
('19511101-0', 'MAXIMO', 'GUTIERREZ  LOPEZ', '1415-3912', 6),
('19520412-1', 'PRUDENCIO', 'VASQUEZ', '3276-6303', 7),
('19521012-0', 'JUDAS OTTOMARO', 'LOPEZ', '3520-8163', 6),
('19521021-0', 'JOSE ROBERTO', 'PEREZ  PEREZ', '4824-6343', 6),
('19521023-0', 'MARIA JULIA', 'VASQUEZ', '9432-3527', 6),
('19521102-0', 'MIGUEL ANGEL', 'LOPEZ PEREZ', '4105-9242', 6),
('19530929-0', 'ANGEL', 'LOPEZ DIAZ', '4346-6831', 6),
('19531020-1', 'JUANA', 'LOPEZ DE PEREZ', '8803-2390', 6),
('19531103-0', 'EDWIN ALFREDO', 'PREZA HERNANDEZ', '2529-8965', 6),
('19531210-0', 'PEDRO', 'GONZALEZ  GOMEZ', '2809-6681', 6),
('19533563-0', 'MARIA JULIA', 'ALVARADO MENDOZA', '8538-2527', 6),
('19541022-0', 'MARIA CELESTINA', 'PEREZ', '4792-7082', 6),
('19541104-0', 'MARIA CANDELARIA', 'PEREZ CARPIO', '4626-6786', 6),
('19547704-0', 'RAFAEL', 'PEREZ CRUZ', '8188-9672', 6),
('19550218-0', 'PEDRO', 'GONZALEZ GONZALEZ', '3355-3986', 6),
('19551013-0', 'BARTOLOME', 'PEREZ  VASQUEZ', '4482-2834', 6),
('19551105-0', 'MARIA CARLOTA', 'PEREZ CARPIO', '8989-8752', 6),
('19560104-0', 'MARIA CRISTINA', 'GARCIA', '7096-7374', 7),
('19561013-0', 'LORENZO', 'PEREZ PEREZ', '4578-4483', 6),
('19561106-0', 'SANDRA PATRICIA', 'HERNANDEZ PEREZ', '3102-2814', 6),
('19561333-0', 'LORENZO', 'PEREZ PEREZ', '2080-3436', 6),
('19570210-0', 'MARCELINO', 'PEREZ VIVAS', '1885-6952', 3),
('19570420-0', 'MANUEL DE JESUS', 'GONZALEZ GONZALEZ', '5251-2249', 6),
('19571011-0', 'CARLOS ALBERTO', 'MARROQUIN', '2096-4000', 6),
('19571105-0', 'CORNELIO', 'PEREZ CARPIO', '3902-3955', 6),
('19580521-0', 'JOSE ANTONIO', 'GONZALEZ VASQUEZ', '9304-9559', 6),
('19580813-0', 'TOMAS', 'HERNANDEZ GARCIA', '1564-5916', 6),
('19581016-0', 'FERMIN', 'PEREZ PEREZ', '3799-3759', 6),
('19581221-0', 'JOSE EUSEBIO', 'GARCIA', '2897-7482', 6),
('19591017-0', 'MARIA ELENA', 'PEREZ ALVARADO', '4715-3548', 6),
('19591222-0', 'RAUL FRANCISCO', 'PEREZ CRUZ', '3904-7184', 6),
('19600211-0', 'JOSE TRANSITO', 'RAFAEL VALLE', '2014-2789', 3),
('19600212-0', 'JOSE FRANCISCO ORLANDO', 'VALLE MARROQUIN', '5544-9168', 6),
('19600301-0', 'RAYMUNDO', 'MELENDEZ', '9823-7585', 3),
('19600312-0', 'MARIA PETRONA', 'GONZALEZ', '4704-5334', 6),
('19600320-0', 'JOSE ROBERTO', 'CHAVEZ  PEREZ', '4302-2484', 8),
('19600321-0', 'ALBERTO', 'MEJIA', '7938-9351', 8),
('19601012-0', 'JUAN PABLO', 'VASQUEZ  CRUZ', '1870-6853', 8),
('19601012-3', 'JUAN', 'CRUZ HERNANDEZ', '7083-6181', 3),
('19601018-0', 'SANTOS', 'BELTRAN PREZA', '4390-8695', 6),
('19601210-0', 'MARITZA ANTONIA', 'LOPEZ', '1514-3446', 6),
('19601223-0', 'PABLO ARMANDO', 'PEREZ PEREZ', '3690-3478', 6),
('19602110-0', 'NELSON', 'CRUZ', '5840-3695', 6),
('19610120-0', 'JUAN PABLO', 'GUTIERREZ PEREZ', '8658-3122', 8),
('19610213-0', 'FIDELINA', 'SURIA VIUDA DE MORALES', '8872-4412', 6),
('19610912-0', 'GUILLERMO', 'RAMIREZ', '9048-5724', 3),
('19610918-0', 'JOSE LUCAS', 'HERNANDEZ CRUZ', '2401-1759', 3),
('19611019-0', 'RUFINO', 'PEREZ ALVARADO', '3951-2936', 6),
('19611212-0', 'JOSE ERNESTO', 'HERNANDEZ', '2828-5263', 3),
('19611213-0', 'RAYMUNDO', 'PEREZ HERNANDEZ', '2569-8911', 6),
('19611230-0', 'CARLOS ARTURO', 'PEREZ', '8959-1006', 6),
('19621019', 'AMELIA', 'PEREZ LOPEZ', '8151-6395', 6),
('19621210-0', 'RODOLFO ANTONIO', 'VASQUEZ', '1521-6498', 8),
('19631020-0', 'CATALINA', 'PEREZ LOPEZ', '4612-1314', 6),
('19641020-0', 'ANTONIO', 'PEREZ HERNANDEZ', '6117-7410', 6),
('19650230-0', 'DIONISIO', 'CHAVEZ ROSALES', '3259-8285', 8),
('19651021-0', 'VICENTA', 'PEREZ  ALVARADO', '7472-3158', 6),
('19651022-0', 'LETICIA GUADALUPE', 'AGUILAR DE BELTRAN', '8180-2656', 6),
('19660912-0', 'JOSE', 'CRUZ SANTOS', '1056-8345', 8),
('19661023-0', 'MARIA VICTORIA', 'PEREZ PEREZ', '7086-5096', 6),
('19671024-0', 'JOSE', 'PEREZ GARCIA', '6454-5707', 6),
('19671118-2', 'CONCEPCION', 'RAFAEL SANTOS', '4324-6512', 3),
('19681024-0', 'MARIA PAULINA', 'GONZALEZ', '5613-5865', 6),
('19691004-2', 'CRISTIAN LEONEL', 'VIVAS', '1201-4463', 3),
('19691010-3', 'MARIA CRISTINA DEL CARMEN', 'HERNANDEZ VALLE', '3248-1415', 3),
('19691012-0', 'JOSE OSMIN', 'VALLE', '8552-6290', 8),
('19697123-0', 'DOROTEA', 'LOBATO', '5541-2796', 7),
('19700112-0', 'PABLO', 'PEREZ PEREZ', '5956-9843', 6),
('19700819-0', 'APOLINARIO', 'FERNANDEZ', '9115-1446', 3),
('19701005-1', 'CONCEPCION', 'RAFAEL VALLE', '4394-5276', 3),
('19701012-0', 'MERLY DE JESUS', 'PEREZ', '7786-9692', 7),
('19701012-3', 'EDGARDO ALONSO', 'MEJIA', '3656-1402', 4),
('19701215-0', 'JOSE VICTOR', 'HIDALGO RAUDA', '5493-8528', 6),
('19701219-3', 'JOSE VLADIMIR', 'VALLE', '4562-4406', 3),
('19710810-0', 'ARTURO', 'FLORES', '3728-1929', 7),
('19710830-2', 'JESUS', 'RAFAEL VASQUEZ', '2785-3476', 3),
('19720218-3', 'JOSE GUSTAVO', 'CRUZ VIVAS', '5777-6321', 3),
('19721012-0', 'ANTONIO', 'CRUZ GUTIERREZ', '4722-1253', 8),
('19731012-2', 'JOSE SEFERINO', 'HERNANDEZ  GARCIA', '3394-1855', 3),
('19731201-0', 'DAVID EUGENIO', 'VIDES RAMIREZ', '4673-1820', 6),
('19740706-5', 'ROSALINDA VERONICA', 'ROJAS', '5339-8437', 7),
('19751012-0', 'MARIA DEL CARMEN', 'RODRIGUEZ', '5511-2058', 6),
('19751112-0', 'ADRIAN', 'CRUZ GOMEZ', '4521-5673', 7),
('19770112-0', 'ALONSO', 'RAUDA LARA', '3407-6390', 6),
('19771210-0', 'JOSE RICARDO', 'IRAHETA FERNANDEZ', '4119-6864', 3),
('19780829-2', 'LUCIANO', 'RAFAEL FERNANDEZ', '3218-4106', 3),
('19790919-0', 'JOSE MANUEL', 'CRUZ VALLE', '9964-1253', 3),
('19800228-0', 'JOSE MIGUEL ANGEL', 'CHAVEZ', '6420-2577', 8),
('19801012-2', 'ALEJANDRO', 'VALLE RAFAEL', '7727-1022', 3),
('19801118-1', 'MARIA ANGELA', 'HERNANDEZ DE VALLE', '9053-8246', 3),
('19801213-0', 'FRANCISCO JAVIER', 'PEREZ SERRANO', '9448-3703', 6),
('19811012-0', 'ROBERTO', 'JUAREZ', '1740-2561', 6),
('19850412-0', 'LAURA CAROLINA', 'MORALES', '2789-5545', 7),
('19870110-0', 'MARIA', 'SANCHEZ', '5362-6213', 3),
('19980112-0', 'VALENCIA', 'F. C.', '1547-5347', 6),
('19980210-0', 'C.D.', 'COBRA', '8922-5978', 8),
('19990110-0', 'IGLESIA ADVENTISTA DEL SEPTIMO DIA', 'ADVENTISTA', '9356-1705', 8),
('21031971-0', 'MARIA RAQUEL', 'VIUDA DE CRUZ', '4046-3427', 8),
('28041960-0', 'MARIO', 'URIAS GUILLEN', '1106-8584', 3),
('29051950-0', 'FERMIN', 'VALLE ROJAS', '5376-6964', 3),
('30111960-0', 'ANTONIO', 'JUAREZ FERNANDEZ', '9619-6556', 3),
('41978069-1', 'SIMON PORFIRIO', 'PEREZ VASQUEZ', '2359-1418', 7),
('77227744-7', 'BENJAMIN', 'CHAVEZ LOPEZ', '6737-6472', 5);

-- --------------------------------------------------------

--
-- Estructura de tabla para la tabla `usuario`
--

CREATE TABLE `usuario` (
  `idUsuario` varchar(11) NOT NULL,
  `correo` text NOT NULL,
  `contraseña` text NOT NULL,
  `rol` int(11) DEFAULT NULL,
  `idPersona` varchar(11) DEFAULT NULL
) ENGINE=InnoDB DEFAULT CHARSET=utf8mb4;

--
-- Índices para tablas volcadas
--

--
-- Indices de la tabla `canton`
--
ALTER TABLE `canton`
  ADD PRIMARY KEY (`idCanton`);

--
-- Indices de la tabla `consumo`
--
ALTER TABLE `consumo`
  ADD KEY `lectura_anterior` (`lectura_anterior`),
  ADD KEY `lectura_anterior_2` (`lectura_anterior`),
  ADD KEY `ConsumoMedidores` (`idMedidores`);

--
-- Indices de la tabla `medidores`
--
ALTER TABLE `medidores`
  ADD PRIMARY KEY (`idMedidores`),
  ADD KEY `idUsuario` (`idPersona`),
  ADD KEY `MedidorCanton` (`idCanton`);

--
-- Indices de la tabla `personas`
--
ALTER TABLE `personas`
  ADD PRIMARY KEY (`idPersona`),
  ADD KEY `personaCantond` (`idCanton`);

--
-- Indices de la tabla `usuario`
--
ALTER TABLE `usuario`
  ADD PRIMARY KEY (`idUsuario`),
  ADD KEY `UsuarioEmpleado` (`idPersona`);

--
-- AUTO_INCREMENT de las tablas volcadas
--

--
-- AUTO_INCREMENT de la tabla `canton`
--
ALTER TABLE `canton`
  MODIFY `idCanton` int(11) NOT NULL AUTO_INCREMENT, AUTO_INCREMENT=9;

--
-- AUTO_INCREMENT de la tabla `medidores`
--
ALTER TABLE `medidores`
  MODIFY `idMedidores` int(11) NOT NULL AUTO_INCREMENT, AUTO_INCREMENT=1001;

--
-- Restricciones para tablas volcadas
--

--
-- Filtros para la tabla `consumo`
--
ALTER TABLE `consumo`
  ADD CONSTRAINT `ConsumoMedidores` FOREIGN KEY (`idMedidores`) REFERENCES `medidores` (`idMedidores`) ON DELETE CASCADE ON UPDATE CASCADE;

--
-- Filtros para la tabla `medidores`
--
ALTER TABLE `medidores`
  ADD CONSTRAINT `MedidorCanton` FOREIGN KEY (`idCanton`) REFERENCES `canton` (`idCanton`) ON DELETE CASCADE ON UPDATE CASCADE,
  ADD CONSTRAINT `medidorPersona` FOREIGN KEY (`idPersona`) REFERENCES `personas` (`idPersona`) ON DELETE CASCADE ON UPDATE CASCADE;

--
-- Filtros para la tabla `personas`
--
ALTER TABLE `personas`
  ADD CONSTRAINT `personaCantond` FOREIGN KEY (`idCanton`) REFERENCES `canton` (`idCanton`) ON DELETE CASCADE ON UPDATE CASCADE;

--
-- Filtros para la tabla `usuario`
--
ALTER TABLE `usuario`
  ADD CONSTRAINT `usuarioPersona` FOREIGN KEY (`idPersona`) REFERENCES `personas` (`idPersona`) ON DELETE CASCADE ON UPDATE CASCADE;
COMMIT;

/*!40101 SET CHARACTER_SET_CLIENT=@OLD_CHARACTER_SET_CLIENT */;
/*!40101 SET CHARACTER_SET_RESULTS=@OLD_CHARACTER_SET_RESULTS */;
/*!40101 SET COLLATION_CONNECTION=@OLD_COLLATION_CONNECTION */;
